time,open,high,low,close,Volume
1765791900,4022,4025,4020,4023,122
1765792200,4022,4023,4020,4022,168
1765792500,4022,4028,4018,4021,916
1765803600,4021,4023,4017,4021,269
1765803900,4020,4022,4011,4017,158
1765804200,4017,4021,4016,4020,57
1765804500,4020,4021,4015,4017,126
1765804800,4016,4016,4013,4016,32
1765805100,4017,4020,4017,4018,25
1765805400,4018,4019,4015,4015,54
1765805700,4015,4018,4015,4018,20
1765806000,4019,4022,4018,4021,59
1765806300,4020,4023,4020,4021,113
1765806600,4021,4021,4017,4018,34
1765806900,4018,4019,4016,4016,16
1765807200,4017,4019,4017,4019,12
1765807500,4020,4020,4018,4020,10
1765807800,4020,4020,4018,4018,10
1765808100,4019,4019,4014,4014,85
1765808400,4014,4015,4013,4015,45
1765808700,4016,4016,4013,4015,11
1765809000,4013,4014,4008,4013,225
1765809300,4012,4012,4009,4009,78
1765809600,4009,4014,4009,4009,125
1765809900,4010,4011,4007,4009,108
1765810200,4010,4010,4007,4008,50
1765810500,4009,4010,4007,4007,81
1765810800,4008,4010,4008,4008,35
1765811100,4010,4011,4009,4011,60
1765811400,4012,4015,4007,4014,100
1765811700,4013,4013,4010,4010,121
1765812000,4010,4014,4008,4008,187
1765812300,4008,4014,4007,4010,355
1765852200,3997,4002,3990,3995,1503
1765852500,3996,4006,3994,4000,796
1765852800,4001,4006,3998,3999,577
1765853100,4000,4002,3991,3991,538
1765853400,3992,3993,3987,3989,477
1765853700,3989,3989,3980,3984,584
1765854000,3983,3989,3980,3989,596
1765854300,3987,3990,3982,3988,334
1765854600,3987,3991,3983,3990,355
1765854900,3990,3995,3989,3992,227
1765855200,3991,3994,3991,3991,128
1765855500,3991,3994,3989,3989,180
1765855800,3989,3990,3985,3985,163
1765856100,3985,3992,3983,3989,162
1765856400,3989,3990,3985,3986,75
1765856700,3986,3987,3985,3987,57
1765857000,3987,3990,3987,3990,56
1765857300,3990,3990,3988,3988,27
1765857600,3988,3995,3988,3994,124
1765857900,3994,3997,3991,3997,204
1765858200,3997,4002,3996,3997,339
1765858500,3997,3997,3993,3993,131
1765858800,3993,3994,3989,3990,264
1765859100,3991,3997,3988,3996,338
1765866600,3994,4004,3994,4003,501
1765866900,4003,4004,4000,4002,242
1765867200,4001,4001,3997,3998,226
1765867500,3997,4000,3996,3999,240
1765867800,3999,3999,3992,3993,250
1765868100,3993,3998,3991,3995,239
1765868400,3994,3994,3986,3987,303
1765868700,3987,3989,3985,3989,117
1765869000,3988,3989,3982,3983,249
1765869300,3983,3987,3982,3984,170
1765869600,3984,3986,3984,3985,48
1765869900,3984,3986,3981,3983,168
1765870200,3982,3982,3977,3977,339
1765870500,3978,3978,3965,3966,584
1765870800,3966,3974,3965,3973,454
1765871100,3973,3998,3973,3998,800
1765871400,3996,3997,3986,3988,242
1765871700,3989,3989,3980,3980,189
1765872000,3982,3985,3979,3985,166
1765872300,3985,3985,3981,3981,74
1765872600,3981,3983,3980,3983,114
1765872900,3983,3983,3976,3978,193
1765873200,3978,3987,3976,3981,593
1765873500,3981,3988,3976,3978,353
1765873800,3977,3977,3968,3968,379
1765874100,3968,3973,3967,3969,218
1765874400,3968,3975,3968,3974,205
1765874700,3975,3981,3974,3978,323
1765875000,3978,3980,3975,3979,216
1765875300,3978,3982,3977,3982,343
1765875600,3983,3986,3975,3977,296
1765875900,3977,3979,3976,3979,170
1765876200,3979,3980,3976,3978,131
1765876500,3978,3978,3973,3974,201
1765876800,3975,3975,3972,3972,298
1765877100,3973,3976,3973,3975,215
1765877400,3975,3975,3971,3972,156
1765877700,3971,3971,3966,3967,401
1765878000,3968,3968,3965,3966,426
1765878300,3966,3969,3964,3969,673
1765878600,3968,3969,3965,3966,352
1765878900,3967,3974,3966,3971,650
1765890000,3972,3976,3958,3959,470
1765890300,3959,3960,3952,3954,273
1765890600,3954,3957,3952,3955,105
1765890900,3956,3958,3948,3951,159
1765891200,3952,3953,3949,3950,121
1765891500,3949,3953,3945,3950,503
1765891800,3950,3950,3947,3948,57
1765892100,3948,3948,3938,3948,528
1765892400,3948,3957,3946,3947,599
1765892700,3947,3947,3943,3946,91
1765893000,3946,3959,3946,3959,577
1765893300,3958,3959,3956,3958,69
1765893600,3957,3962,3956,3960,152
1765893900,3960,3962,3959,3961,79
1765894200,3959,3959,3952,3954,60
1765894500,3954,3966,3954,3964,493
1765894800,3965,3969,3965,3969,141
1765895100,3968,3970,3965,3966,69
1765895400,3965,3967,3959,3961,425
1765895700,3961,3964,3959,3961,57
1765896000,3961,3961,3956,3956,84
1765896300,3956,3959,3954,3958,195
1765896600,3959,3959,3952,3955,135
1765896900,3955,3955,3948,3949,114
1765897200,3949,3950,3947,3948,84
1765897500,3947,3948,3946,3948,40
1765897800,3947,3951,3947,3949,72
1765898100,3949,3949,3945,3946,102
1765898400,3946,3946,3941,3945,134
1765898700,3944,3945,3938,3942,159
1765938600,3967,3974,3955,3959,1065
1765938900,3960,3967,3959,3960,346
1765939200,3960,3962,3952,3954,313
1765939500,3954,3955,3947,3949,348
1765939800,3949,3950,3945,3945,342
1765940100,3946,3949,3941,3948,306
1765940400,3948,3950,3941,3941,233
1765940700,3942,3948,3940,3946,203
1765941000,3947,3949,3941,3947,311
1765941300,3948,3948,3942,3945,195
1765941600,3945,3956,3945,3955,334
1765941900,3955,3956,3945,3947,302
1765942200,3947,3953,3947,3952,120
1765942500,3953,3959,3952,3955,271
1765942800,3957,3958,3953,3957,110
1765943100,3956,3959,3956,3959,98
1765943400,3959,3959,3956,3958,81
1765943700,3958,3960,3956,3958,108
1765944000,3958,3959,3957,3958,74
1765944300,3959,3965,3959,3959,305
1765944600,3958,3959,3955,3955,143
1765944900,3955,3956,3952,3955,102
1765945200,3956,3961,3953,3960,175
1765945500,3960,3967,3959,3967,221
1765953000,3962,3970,3961,3968,498
1765953300,3968,3971,3955,3961,610
1765953600,3961,3964,3959,3961,106
1765953900,3960,3960,3949,3952,420
1765954200,3953,3957,3951,3954,317
1765954500,3955,3957,3951,3956,158
1765954800,3956,3960,3951,3956,227
1765955100,3955,3956,3952,3953,90
1765955400,3954,3965,3953,3963,323
1765955700,3962,3966,3962,3962,141
1765956000,3962,3969,3962,3965,215
1765956300,3965,3965,3961,3964,131
1765956600,3965,3965,3960,3960,120
1765956900,3961,3974,3961,3973,521
1765957200,3973,3982,3973,3978,490
1765957500,3979,3980,3972,3974,219
1765957800,3974,3978,3972,3973,182
1765958100,3973,3976,3971,3973,197
1765958400,3973,3973,3970,3971,210
1765958700,3971,3971,3965,3966,282
1765959000,3966,3973,3966,3970,157
1765959300,3971,3978,3970,3978,317
1765959600,3979,3985,3976,3982,494
1765959900,3982,3983,3978,3981,339
1765960200,3982,3982,3977,3980,244
1765960500,3980,3980,3974,3975,313
1765960800,3975,3977,3970,3970,463
1765961100,3970,3973,3966,3967,407
1765961400,3968,3971,3968,3970,101
1765961700,3969,3970,3966,3969,159
1765962000,3969,3973,3968,3969,204
1765962300,3968,3977,3967,3977,282
1765962600,3977,3978,3973,3974,131
1765962900,3973,3976,3972,3975,66
1765963200,3975,3978,3974,3978,91
1765963500,3977,3980,3971,3972,233
1765963800,3972,3974,3972,3973,52
1765964100,3973,3974,3971,3973,71
1765964400,3972,3975,3970,3971,130
1765964700,3971,3976,3970,3976,110
1765965000,3976,3978,3973,3975,133
1765965300,3975,3978,3972,3975,390
1765976400,3969,3972,3960,3972,317
1765976700,3972,3978,3971,3975,157
1765977000,3973,3980,3973,3978,149
1765977300,3978,3984,3978,3982,133
1765977600,3984,3984,3980,3983,86
1765977900,3983,3988,3983,3987,151
1765978200,3987,3993,3987,3991,213
1765978500,3991,3991,3986,3988,73
1765978800,3988,3995,3988,3995,151
1765979100,3995,3997,3992,3997,93
1765979400,3997,3999,3996,3999,81
1765979700,3999,4003,3997,4001,218
1765980000,4002,4003,3995,3995,222
1765980300,3994,3998,3993,3998,89
1765980600,3998,4000,3994,3996,67
1765980900,3996,3999,3996,3996,39
1765981200,3996,3999,3996,3997,30
1765981500,3997,4000,3996,3998,60
1765981800,3998,4002,3995,3999,145
1765982100,3999,3999,3996,3997,45
1765982400,3998,3998,3995,3995,100
1765982700,3996,3999,3992,3997,155
1765983000,3998,4001,3997,3998,116
1765983300,3997,3998,3995,3997,64
1765983600,3997,3998,3994,3998,41
1765983900,3998,3999,3993,3997,101
1765984200,3997,4002,3997,4002,75
1765984500,4001,4002,3999,4001,82
1765984800,4002,4006,4001,4005,139
1765985100,4005,4009,4003,4009,156
1766025000,4008,4025,4002,4019,1253
1766025300,4018,4028,4018,4018,639
1766025600,4017,4020,4010,4020,533
1766025900,4020,4022,4015,4016,215
1766026200,4016,4016,4010,4013,309
1766026500,4013,4015,4010,4010,181
1766026800,4010,4014,4005,4009,280
1766027100,4009,4010,4005,4006,189
1766027400,4007,4012,3999,4012,565
1766027700,4012,4015,4011,4013,199
1766028000,4013,4015,4012,4012,81
1766028300,4013,4016,4013,4015,263
1766028600,4015,4019,4015,4018,161
1766028900,4016,4017,4013,4014,191
1766029200,4013,4014,4009,4010,102
1766029500,4010,4011,4007,4007,168
1766029800,4007,4011,4005,4011,89
1766030100,4011,4011,4006,4007,52
1766030400,4006,4007,4003,4007,233
1766030700,4007,4009,4003,4004,108
1766031000,4004,4004,3994,4002,333
1766031300,4003,4005,4000,4002,118
1766031600,4003,4004,4001,4002,145
1766031900,4001,4006,4000,4006,389
1766039400,4002,4005,3990,3992,441
1766039700,3992,3993,3985,3986,449
1766040000,3985,3990,3983,3984,343
1766040300,3983,3984,3975,3980,535
1766040600,3980,3980,3973,3975,251
1766040900,3975,3977,3973,3975,276
1766041200,3974,3982,3972,3980,239
1766041500,3980,3980,3971,3971,188
1766041800,3972,3974,3971,3973,191
1766042100,3974,3975,3973,3975,75
1766042400,3974,3976,3970,3974,156
1766042700,3974,3976,3972,3973,164
1766043000,3973,3979,3972,3978,147
1766043300,3978,3980,3976,3978,100
1766043600,3978,3981,3976,3978,113
1766043900,3977,3979,3976,3978,31
1766044200,3978,3978,3974,3974,95
1766044500,3975,3976,3973,3975,123
1766044800,3974,3979,3972,3976,148
1766045100,3976,3979,3976,3976,39
1766045400,3977,3981,3977,3979,154
1766045700,3979,3985,3979,3985,258
1766046000,3985,3987,3984,3984,207
1766046300,3984,3990,3984,3986,669
1766046600,3986,3988,3985,3988,182
1766046900,3988,3990,3987,3989,201
1766047200,3990,3991,3988,3990,258
1766047500,3990,3992,3986,3987,360
1766047800,3987,3988,3981,3981,245
1766048100,3982,3986,3981,3984,165
1766048400,3985,3989,3983,3986,296
1766048700,3986,3990,3986,3989,454
1766049000,3988,3992,3987,3990,398
1766049300,3990,3993,3988,3989,623
1766049600,3989,3991,3987,3990,205
1766049900,3991,3995,3990,3995,830
1766050200,3995,3995,3988,3992,259
1766050500,3992,3994,3987,3988,146
1766050800,3989,3990,3987,3989,87
1766051100,3989,3991,3987,3991,172
1766051400,3990,3991,3986,3986,178
1766051700,3987,3990,3987,3989,409
1766062800,3982,3989,3978,3985,326
1766063100,3986,3988,3979,3980,176
1766063400,3980,3984,3978,3978,95
1766063700,3978,3984,3978,3982,112
1766064000,3983,3986,3980,3982,59
1766064300,3983,3985,3981,3985,52
1766064600,3986,3990,3984,3987,136
1766064900,3987,3992,3987,3990,119
1766065200,3991,3993,3988,3989,79
1766065500,3988,3991,3987,3989,38
1766065800,3990,3990,3987,3989,28
1766066100,3989,3990,3987,3987,21
1766066400,3987,3987,3983,3986,79
1766066700,3987,3993,3987,3991,112
1766067000,3990,3993,3990,3991,52
1766067300,3992,3993,3988,3991,144
1766067600,3990,3991,3989,3991,22
1766067900,3991,3992,3990,3990,22
1766068200,3990,3990,3986,3988,92
1766068500,3988,3988,3985,3985,72
1766068800,3986,3987,3982,3984,128
1766069100,3984,3985,3981,3984,99
1766069400,3984,3988,3984,3988,58
1766069700,3989,3991,3984,3990,168
1766070000,3990,3990,3988,3989,33
1766070300,3989,3989,3986,3986,10
1766070600,3986,3991,3986,3991,42
1766070900,3991,3992,3989,3991,100
1766071200,3992,3992,3989,3989,50
1766071500,3991,3993,3990,3991,92
1766111400,3950,3968,3950,3964,1084
1766111700,3965,3966,3953,3953,530
1766112000,3953,3956,3948,3948,466
1766112300,3948,3955,3946,3952,300
1766112600,3953,3953,3946,3949,464
1766112900,3949,3949,3939,3941,552
1766113200,3940,3949,3940,3948,302
1766113500,3947,3952,3944,3948,208
1766113800,3949,3950,3945,3947,101
1766114100,3948,3952,3945,3946,168
1766114400,3946,3946,3941,3943,273
1766114700,3943,3949,3943,3945,244
1766115000,3944,3946,3941,3944,236
1766115300,3944,3944,3941,3941,97
1766115600,3942,3944,3933,3934,533
1766115900,3934,3935,3933,3935,165
1766116200,3935,3938,3933,3937,154
1766116500,3938,3938,3935,3936,99
1766116800,3936,3936,3934,3935,154
1766117100,3935,3936,3934,3935,85
1766117400,3935,3941,3934,3940,260
1766117700,3940,3943,3937,3943,221
1766118000,3943,3946,3941,3945,267
1766118300,3945,3945,3941,3943,278
1766125800,3941,3951,3940,3950,489
1766126100,3950,3952,3947,3948,418
1766126400,3949,3949,3943,3947,288
1766126700,3947,3947,3940,3941,185
1766127000,3940,3944,3936,3944,410
1766127300,3943,3945,3941,3944,261
1766127600,3943,3944,3941,3943,83
1766127900,3942,3942,3933,3935,352
1766128200,3935,3936,3932,3933,157
1766128500,3932,3935,3931,3935,157
1766128800,3934,3937,3931,3931,234
1766129100,3931,3933,3928,3931,291
1766129400,3931,3937,3931,3933,221
1766129700,3933,3935,3931,3931,110
1766130000,3931,3934,3929,3934,217
1766130300,3933,3933,3929,3930,84
1766130600,3929,3930,3926,3930,436
1766130900,3929,3933,3929,3930,364
1766131200,3930,3932,3929,3931,297
1766131500,3931,3931,3913,3913,891
1766131800,3914,3915,3912,3913,230
1766132100,3913,3915,3910,3914,684
1766132400,3914,3915,3912,3915,147
1766132700,3915,3916,3913,3915,329
1766133000,3914,3924,3914,3923,529
1766133300,3924,3927,3923,3925,210
1766133600,3926,3929,3923,3927,326
1766133900,3927,3929,3925,3927,178
1766134200,3927,3927,3922,3922,268
1766134500,3922,3924,3920,3922,339
1766134800,3921,3924,3918,3921,336
1766135100,3921,3921,3916,3917,372
1766135400,3918,3923,3916,3921,155
1766135700,3922,3922,3919,3920,131
1766136000,3921,3921,3919,3920,128
1766136300,3921,3921,3920,3920,112
1766136600,3919,3919,3917,3918,222
1766136900,3918,3918,3911,3912,363
1766137200,3911,3912,3907,3912,529
1766137500,3913,3914,3903,3913,637
1766137800,3913,3917,3912,3914,252
1766138100,3914,3917,3912,3916,702
1766370600,3948,3954,3929,3935,1588
1766370900,3935,3944,3932,3943,473
1766371200,3942,3943,3938,3941,226
1766371500,3941,3944,3928,3934,325
1766371800,3934,3938,3929,3938,233
1766372100,3938,3943,3933,3941,205
1766372400,3942,3944,3938,3942,284
1766372700,3942,3947,3942,3946,281
1766373000,3946,3949,3944,3948,251
1766373300,3947,3950,3946,3948,206
1766373600,3949,3950,3940,3941,214
1766373900,3942,3946,3940,3946,157
1766374200,3947,3948,3946,3947,45
1766374500,3946,3950,3946,3948,82
1766374800,3949,3953,3948,3950,230
1766375100,3951,3953,3950,3950,67
1766375400,3950,3952,3948,3950,74
1766375700,3950,3954,3950,3953,130
1766376000,3952,3954,3952,3953,144
1766376300,3952,3964,3952,3964,571
1766376600,3964,3970,3962,3969,423
1766376900,3968,3969,3962,3966,209
1766377200,3967,3971,3964,3971,287
1766377500,3972,3973,3969,3973,343
1766385000,3988,3995,3984,3993,1319
1766385300,3993,3997,3991,3993,413
1766385600,3993,3993,3988,3991,713
1766385900,3993,3995,3988,3989,410
1766386200,3989,3994,3988,3992,271
1766386500,3991,3997,3990,3996,450
1766386800,3995,3997,3994,3995,213
1766387100,3994,3999,3992,3993,343
1766387400,3993,3993,3990,3992,121
1766387700,3992,3993,3988,3989,251
1766388000,3988,3991,3988,3990,90
1766388300,3991,3991,3989,3991,155
1766388600,3990,3993,3990,3992,210
1766388900,3992,3995,3991,3994,183
1766389200,3994,3995,3992,3992,158
1766389500,3993,3993,3992,3993,16
1766389800,3992,3993,3990,3990,452
1766390100,3990,3993,3990,3992,112
1766390400,3992,3995,3992,3993,290
1766390700,3992,3994,3992,3993,123
1766391000,3993,3993,3990,3992,231
1766391300,3992,3994,3992,3993,90
1766391600,3992,3995,3992,3994,111
1766391900,3993,3999,3993,3998,352
1766392200,3998,3999,3995,3996,181
1766392500,3995,3995,3991,3993,227
1766392800,3992,3992,3990,3990,58
1766393100,3990,3993,3990,3992,189
1766393400,3992,3996,3992,3996,83
1766393700,3997,3999,3996,3998,173
1766394000,3998,4004,3997,4003,598
1766394300,4002,4005,4002,4005,258
1766394600,4004,4006,4003,4004,289
1766394900,4004,4005,4001,4001,337
1766395200,4002,4003,4001,4001,53
1766395500,4002,4003,4000,4003,186
1766395800,4003,4007,4003,4005,402
1766396100,4004,4004,4000,4004,357
1766396400,4003,4005,4000,4002,274
1766396700,4002,4004,4002,4003,151
1766397000,4003,4005,4002,4004,239
1766397300,4004,4004,3995,3997,1115
1766408400,4002,4011,3996,4011,530
1766408700,4011,4020,4008,4016,390
1766409000,4015,4022,4015,4019,283
1766409300,4019,4022,4019,4019,217
1766409600,4019,4027,4019,4026,407
1766409900,4027,4031,4026,4031,368
1766410200,4031,4036,4029,4036,303
1766410500,4035,4038,4034,4035,388
1766410800,4034,4037,4033,4035,242
1766411100,4036,4036,4034,4035,66
1766411400,4034,4037,4034,4036,55
1766411700,4035,4036,4033,4034,100
1766412000,4035,4037,4032,4032,228
1766412300,4032,4033,4031,4031,215
1766412600,4032,4035,4030,4032,52
1766412900,4032,4035,4030,4035,29
1766413200,4034,4038,4033,4036,132
1766413500,4036,4037,4035,4035,24
1766413800,4035,4037,4030,4031,309
1766414100,4032,4032,4026,4028,211
1766414400,4029,4032,4026,4027,228
1766414700,4027,4029,4026,4028,150
1766415000,4028,4029,4027,4028,128
1766415300,4030,4030,4024,4027,238
1766415600,4025,4027,4022,4024,144
1766415900,4024,4026,4024,4026,42
1766416200,4026,4028,4025,4026,43
1766416500,4027,4027,4018,4022,262
1766416800,4022,4022,4019,4019,112
1766417100,4021,4027,4021,4026,140
1766457000,4012,4022,4007,4021,1222
1766457300,4021,4021,4008,4008,525
1766457600,4008,4010,4003,4006,511
1766457900,4006,4010,4003,4010,354
1766458200,4010,4010,4004,4007,255
1766458500,4007,4023,4007,4022,622
1766458800,4022,4025,4020,4024,552
1766459100,4024,4028,4018,4018,431
1766459400,4018,4026,4018,4025,179
1766459700,4026,4026,4020,4023,164
1766460000,4023,4032,4021,4031,366
1766460300,4032,4034,4028,4030,266
1766460600,4031,4031,4025,4028,138
1766460900,4028,4030,4022,4022,101
1766461200,4022,4023,4019,4020,106
1766461500,4019,4020,4015,4016,173
1766461800,4016,4021,4016,4021,145
1766462100,4021,4022,4015,4020,130
1766462400,4019,4020,4019,4020,46
1766462700,4020,4020,4017,4020,60
1766463000,4019,4019,4010,4012,295
1766463300,4012,4012,4008,4010,164
1766463600,4010,4010,4005,4006,253
1766463900,4008,4011,4007,4011,214
1766471400,4014,4018,4012,4014,382
1766471700,4015,4024,4013,4024,252
1766472000,4023,4032,4023,4032,351
1766472300,4032,4037,4030,4036,477
1766472600,4036,4037,4030,4031,669
1766472900,4032,4039,4032,4035,325
1766473200,4035,4038,4033,4038,141
1766473500,4038,4038,4035,4038,132
1766473800,4038,4045,4038,4045,426
1766474100,4045,4046,4042,4043,285
1766474400,4044,4046,4043,4046,269
1766474700,4046,4047,4044,4047,99
1766475000,4046,4047,4039,4042,271
1766475300,4041,4042,4040,4040,62
1766475600,4040,4041,4038,4039,142
1766475900,4040,4041,4039,4039,72
1766476200,4038,4039,4035,4039,300
1766476500,4038,4038,4031,4033,319
1766476800,4033,4034,4030,4034,248
1766477100,4034,4039,4034,4039,412
1766477400,4039,4039,4036,4037,209
1766477700,4037,4037,4031,4034,267
1766478000,4033,4036,4033,4035,74
1766478300,4035,4037,4034,4035,179
1766478600,4035,4043,4035,4037,672
1766478900,4036,4042,4034,4042,387
1766479200,4042,4042,4041,4041,187
1766479500,4041,4041,4039,4040,269
1766479800,4040,4040,4036,4038,156
1766480100,4037,4039,4036,4038,34
1766480400,4039,4043,4039,4040,338
1766480700,4039,4040,4038,4040,132
1766481000,4040,4040,4039,4039,46
1766481300,4039,4039,4037,4039,44
1766481600,4040,4045,4038,4044,185
1766481900,4043,4046,4043,4044,247
1766482200,4043,4045,4041,4041,199
1766482500,4041,4043,4040,4041,385
1766482800,4041,4044,4040,4043,84
1766483100,4042,4043,4040,4042,178
1766483400,4041,4045,4039,4044,324
1766483700,4043,4048,4043,4046,694
1766494800,4045,4055,4042,4053,494
1766495100,4054,4059,4048,4058,680
1766495400,4058,4059,4053,4055,219
1766495700,4056,4060,4056,4057,180
1766496000,4057,4057,4052,4053,189
1766496300,4052,4055,4050,4051,77
1766496600,4051,4054,4051,4054,46
1766496900,4053,4053,4042,4044,389
1766497200,4044,4049,4042,4047,90
1766497500,4047,4053,4046,4052,109
1766497800,4053,4053,4047,4049,130
1766498100,4048,4052,4047,4052,193
1766498400,4051,4051,4049,4049,33
1766498700,4049,4051,4048,4049,33
1766499000,4049,4049,4045,4045,75
1766499300,4046,4048,4040,4042,267
1766499600,4042,4042,4038,4040,150
1766499900,4040,4044,4037,4037,128
1766500200,4037,4038,4033,4033,139
1766500500,4033,4035,4027,4027,290
1766500800,4027,4029,4025,4025,150
1766501100,4025,4029,4024,4026,74
1766501400,4026,4031,4026,4030,100
1766501700,4030,4030,4023,4024,187
1766502000,4025,4026,4023,4025,83
1766502300,4025,4028,4024,4026,113
1766502600,4026,4031,4026,4028,110
1766502900,4029,4030,4023,4024,179
1766503200,4023,4025,4019,4021,167
1766503500,4022,4023,4018,4020,195
1766543400,4032,4046,4030,4044,985
1766543700,4044,4050,4042,4049,339
1766544000,4050,4055,4046,4051,552
1766544300,4051,4058,4051,4056,317
1766544600,4055,4056,4048,4048,251
1766544900,4048,4048,4042,4045,319
1766545200,4045,4048,4039,4045,386
1766545500,4045,4049,4042,4048,200
1766545800,4048,4053,4048,4051,210
1766546100,4050,4050,4043,4046,221
1766546400,4046,4050,4043,4044,217
1766546700,4044,4050,4044,4050,105
1766547000,4050,4050,4048,4048,59
1766547300,4048,4049,4047,4049,26
1766547600,4048,4048,4046,4046,36
1766547900,4046,4046,4046,4046,19
1766548200,4047,4050,4046,4046,84
1766548500,4046,4046,4036,4040,280
1766548800,4039,4040,4034,4036,133
1766549100,4036,4044,4036,4042,107
1766549400,4042,4044,4042,4043,73
1766549700,4042,4046,4042,4045,117
1766550000,4045,4045,4042,4043,83
1766550300,4043,4044,4040,4043,137
1766557800,4046,4048,4036,4036,403
1766558100,4036,4038,4028,4030,433
1766558400,4030,4035,4028,4035,317
1766558700,4035,4038,4035,4037,104
1766559000,4037,4037,4030,4032,187
1766559300,4031,4032,4022,4022,354
1766559600,4023,4024,4016,4021,406
1766559900,4021,4026,4012,4014,391
1766560200,4014,4017,4013,4015,123
1766560500,4014,4016,4010,4011,288
1766560800,4011,4017,4011,4012,237
1766561100,4013,4016,4012,4013,137
1766561400,4013,4014,4008,4013,203
1766561700,4013,4015,4013,4015,113
1766562000,4015,4016,4012,4015,141
1766562300,4015,4015,4010,4012,132
1766562600,4012,4014,4010,4012,149
1766562900,4012,4012,4011,4012,33
1766563200,4012,4014,4009,4009,162
1766563500,4010,4016,4008,4016,304
1766563800,4015,4016,4012,4014,60
1766564100,4013,4017,4013,4016,99
1766564400,4016,4020,4016,4019,126
1766564700,4019,4020,4017,4019,64
1766565000,4020,4020,4018,4019,65
1766565300,4019,4019,4017,4018,90
1766565600,4018,4021,4018,4021,112
1766565900,4021,4030,4021,4029,404
1766566200,4030,4042,4029,4041,672
1766566500,4042,4050,4042,4048,624
1766566800,4047,4055,4046,4052,545
1766567100,4052,4055,4049,4050,241
1766567400,4050,4052,4046,4047,246
1766567700,4048,4048,4041,4041,153
1766568000,4042,4046,4040,4045,161
1766568300,4045,4046,4040,4046,257
1766568600,4046,4047,4043,4045,86
1766568900,4045,4047,4044,4047,46
1766569200,4047,4048,4045,4046,151
1766569500,4046,4048,4045,4048,146
1766569800,4048,4048,4045,4045,175
1766570100,4046,4049,4045,4045,324
1766716200,4050,4068,4048,4065,1156
1766716500,4064,4073,4063,4072,509
1766716800,4072,4076,4072,4075,315
1766717100,4075,4088,4075,4087,950
1766717400,4087,4089,4083,4085,382
1766717700,4085,4089,4082,4086,362
1766718000,4085,4090,4084,4086,469
1766718300,4086,4092,4086,4090,293
1766718600,4090,4096,4090,4094,616
1766718900,4094,4095,4085,4088,268
1766719200,4088,4088,4078,4079,585
1766719500,4079,4086,4078,4083,672
1766719800,4082,4084,4078,4080,249
1766720100,4081,4084,4078,4079,227
1766720400,4078,4078,4075,4078,266
1766720700,4078,4078,4075,4075,54
1766721000,4075,4078,4075,4075,84
1766721300,4076,4077,4073,4076,124
1766721600,4076,4078,4076,4077,52
1766721900,4077,4081,4077,4079,207
1766722200,4079,4080,4075,4075,136
1766722500,4075,4078,4074,4078,52
1766722800,4077,4078,4076,4077,46
1766723100,4078,4078,4074,4078,132
1766730600,4084,4085,4080,4081,508
1766730900,4082,4082,4075,4075,256
1766731200,4075,4076,4071,4076,480
1766731500,4077,4080,4077,4079,282
1766731800,4079,4081,4075,4078,216
1766732100,4077,4077,4073,4076,122
1766732400,4075,4079,4075,4079,62
1766732700,4079,4083,4079,4082,208
1766733000,4082,4085,4081,4085,257
1766733300,4085,4085,4083,4083,83
1766733600,4083,4088,4083,4087,195
1766733900,4087,4088,4086,4087,77
1766734200,4087,4088,4086,4086,41
1766734500,4086,4087,4085,4087,74
1766734800,4086,4090,4085,4088,241
1766735100,4088,4089,4083,4084,137
1766735400,4084,4085,4083,4084,83
1766735700,4085,4087,4085,4085,63
1766736000,4086,4086,4083,4085,109
1766736300,4085,4089,4085,4089,78
1766736600,4089,4090,4088,4090,79
1766736900,4090,4094,4090,4092,300
1766737200,4090,4091,4090,4091,29
1766737500,4091,4095,4091,4095,108
1766737800,4094,4098,4094,4098,197
1766738100,4098,4099,4097,4099,194
1766738400,4098,4102,4098,4101,283
1766738700,4101,4102,4096,4097,194
1766739000,4097,4103,4093,4102,363
1766739300,4102,4104,4097,4102,201
1766739600,4101,4101,4099,4099,69
1766739900,4099,4100,4096,4099,66
1766740200,4099,4100,4096,4097,43
1766740500,4098,4099,4097,4098,32
1766740800,4099,4100,4098,4098,26
1766741100,4097,4099,4097,4098,29
1766741400,4098,4098,4094,4097,94
1766741700,4097,4098,4094,4097,51
1766742000,4096,4097,4095,4095,50
1766742300,4096,4097,4093,4095,133
1766742600,4094,4097,4091,4095,353
1766742900,4094,4101,4093,4097,536
1766975400,4081,4086,4068,4072,989
1766975700,4072,4073,4063,4066,596
1766976000,4066,4071,4064,4067,211
1766976300,4067,4068,4062,4064,303
1766976600,4065,4066,4063,4066,124
1766976900,4065,4065,4060,4061,316
1766977200,4060,4066,4060,4064,238
1766977500,4065,4070,4064,4067,268
1766977800,4068,4073,4065,4070,195
1766978100,4069,4073,4069,4072,303
1766978400,4071,4075,4068,4070,292
1766978700,4070,4070,4062,4062,292
1766979000,4062,4067,4062,4067,132
1766979300,4067,4073,4067,4073,148
1766979600,4074,4089,4073,4087,476
1766979900,4086,4089,4082,4086,224
1766980200,4086,4088,4086,4087,59
1766980500,4088,4090,4087,4087,122
1766980800,4087,4093,4085,4090,190
1766981100,4090,4092,4087,4091,73
1766981400,4090,4093,4090,4093,90
1766981700,4093,4093,4087,4087,71
1766982000,4087,4088,4084,4085,163
1766982300,4084,4085,4080,4082,127
1766989800,4072,4080,4072,4073,461
1766990100,4073,4074,4068,4069,243
1766990400,4069,4072,4065,4072,315
1766990700,4071,4071,4065,4067,175
1766991000,4067,4069,4060,4062,490
1766991300,4062,4065,4061,4062,150
1766991600,4062,4064,4060,4062,116
1766991900,4061,4061,4053,4054,532
1766992200,4055,4059,4055,4058,127
1766992500,4058,4058,4053,4055,121
1766992800,4055,4055,4053,4054,87
1766993100,4054,4057,4052,4053,203
1766993400,4053,4053,4050,4053,320
1766993700,4054,4056,4052,4053,135
1766994000,4053,4056,4052,4055,96
1766994300,4055,4055,4053,4053,77
1766994600,4053,4055,4051,4053,180
1766994900,4052,4052,4050,4051,190
1766995200,4051,4056,4050,4055,287
1766995500,4055,4056,4052,4053,125
1766995800,4054,4055,4053,4055,71
1766996100,4054,4055,4052,4054,84
1766996400,4054,4055,4052,4054,49
1766996700,4054,4054,4050,4050,267
1766997000,4051,4051,4038,4042,680
1766997300,4043,4047,4042,4046,197
1766997600,4046,4058,4044,4055,536
1766997900,4056,4065,4056,4064,265
1766998200,4065,4065,4052,4064,656
1766998500,4063,4067,4063,4065,191
1766998800,4067,4067,4063,4063,126
1766999100,4063,4065,4060,4063,169
1766999400,4063,4066,4062,4065,127
1766999700,4064,4067,4064,4065,186
1767000000,4065,4066,4063,4063,81
1767000300,4063,4066,4063,4066,52
1767000600,4066,4069,4066,4066,195
1767000900,4066,4067,4065,4066,48
1767001200,4067,4068,4065,4067,107
1767001500,4068,4069,4060,4060,287
1767001800,4060,4060,4054,4056,442
1767002100,4055,4060,4053,4059,429
1767013200,4054,4071,4054,4069,312
1767013500,4069,4075,4068,4071,335
1767013800,4071,4072,4066,4068,200
1767014100,4068,4071,4067,4071,91
1767014400,4071,4073,4070,4072,67
1767014700,4073,4074,4069,4070,61
1767015000,4070,4072,4069,4071,50
1767015300,4070,4074,4070,4073,55
1767015600,4073,4073,4069,4069,70
1767015900,4069,4069,4066,4067,75
1767016200,4067,4072,4065,4072,151
1767016500,4071,4071,4069,4070,47
1767016800,4069,4069,4067,4067,36
1767017100,4068,4069,4065,4069,50
1767017400,4068,4071,4068,4070,36
1767017700,4070,4070,4068,4068,14
1767018000,4068,4068,4062,4063,117
1767018300,4063,4065,4062,4063,75
1767018600,4062,4066,4059,4065,193
1767018900,4064,4064,4054,4056,333
1767019200,4056,4060,4056,4060,162
1767019500,4059,4065,4058,4064,219
1767019800,4064,4070,4062,4068,108
1767020100,4067,4068,4064,4065,49
1767020400,4065,4065,4060,4060,63
1767020700,4059,4063,4059,4063,37
1767021000,4064,4066,4062,4062,45
1767021300,4062,4065,4061,4062,50
1767021600,4060,4061,4051,4053,258
1767021900,4053,4055,4052,4052,118
1767061800,4067,4071,4063,4070,618
1767062100,4071,4084,4070,4083,584
1767062400,4083,4086,4081,4082,325
1767062700,4082,4082,4072,4078,462
1767063000,4077,4077,4073,4077,152
1767063300,4077,4080,4075,4078,244
1767063600,4077,4089,4076,4086,636
1767063900,4086,4089,4080,4082,220
1767064200,4082,4086,4081,4086,131
1767064500,4085,4090,4082,4088,299
1767064800,4088,4090,4082,4085,211
1767065100,4084,4087,4084,4086,164
1767065400,4085,4086,4079,4079,117
1767065700,4079,4082,4079,4082,79
1767066000,4083,4083,4080,4080,72
1767066300,4080,4081,4078,4080,161
1767066600,4080,4083,4080,4083,43
1767066900,4083,4087,4081,4081,193
1767067200,4081,4082,4080,4081,52
1767067500,4081,4081,4078,4078,93
1767067800,4078,4078,4076,4076,95
1767068100,4076,4079,4075,4078,99
1767068400,4078,4079,4076,4076,78
1767068700,4077,4082,4077,4082,118
1767076200,4097,4112,4097,4102,1826
1767076500,4101,4107,4101,4105,376
1767076800,4105,4109,4104,4109,493
1767077100,4109,4109,4104,4104,365
1767077400,4104,4106,4102,4103,285
1767077700,4104,4106,4101,4102,394
1767078000,4102,4102,4097,4099,427
1767078300,4099,4100,4097,4098,99
1767078600,4097,4097,4094,4096,153
1767078900,4096,4098,4094,4095,82
1767079200,4095,4098,4095,4096,53
1767079500,4097,4098,4096,4097,56
1767079800,4097,4097,4091,4093,242
1767080100,4093,4093,4086,4086,250
1767080400,4086,4088,4082,4086,282
1767080700,4087,4088,4086,4088,95
1767081000,4088,4092,4087,4089,238
1767081300,4088,4088,4085,4085,168
1767081600,4085,4086,4080,4083,251
1767081900,4083,4088,4083,4088,106
1767082200,4088,4091,4087,4090,136
1767082500,4089,4093,4089,4093,92
1767082800,4093,4094,4092,4092,68
1767083100,4093,4094,4090,4090,90
1767083400,4090,4091,4084,4084,151
1767083700,4085,4085,4082,4085,339
1767084000,4085,4086,4082,4082,159
1767084300,4082,4086,4081,4082,134
1767084600,4081,4088,4080,4086,279
1767084900,4086,4090,4086,4089,134
1767085200,4088,4089,4085,4087,131
1767085500,4086,4088,4084,4085,67
1767085800,4084,4087,4083,4083,126
1767086100,4082,4084,4082,4083,63
1767086400,4084,4085,4084,4084,43
1767086700,4084,4085,4083,4085,39
1767087000,4084,4087,4081,4082,176
1767087300,4082,4083,4080,4082,68
1767087600,4081,4085,4081,4084,127
1767087900,4083,4085,4081,4084,144
1767088200,4083,4084,4080,4081,143
1767088500,4080,4083,4079,4081,519
1767099600,4085,4097,4083,4090,570
1767099900,4089,4093,4083,4086,180
1767100200,4085,4086,4081,4084,97
1767100500,4084,4088,4081,4085,194
1767100800,4084,4085,4071,4072,249
1767101100,4071,4075,4070,4071,149
1767101400,4072,4074,4070,4074,179
1767101700,4073,4078,4073,4076,88
1767102000,4076,4081,4076,4079,137
1767102300,4078,4079,4076,4078,84
1767102600,4078,4078,4074,4076,48
1767102900,4075,4077,4075,4076,11
1767103200,4077,4080,4076,4078,50
1767103500,4078,4079,4076,4077,18
1767103800,4076,4078,4076,4078,8
1767104100,4078,4078,4075,4076,46
1767104400,4076,4078,4074,4074,25
1767104700,4074,4078,4073,4078,58
1767105000,4078,4078,4076,4078,54
1767105300,4079,4080,4078,4078,36
1767105600,4077,4078,4076,4078,13
1767105900,4079,4080,4076,4080,28
1767106200,4080,4085,4079,4084,111
1767106500,4084,4087,4083,4085,74
1767106800,4086,4092,4086,4090,147
1767107100,4089,4090,4085,4085,44
1767107400,4086,4087,4084,4084,54
1767107700,4084,4084,4079,4080,89
1767108000,4080,4080,4078,4079,49
1767108300,4078,4079,4075,4075,133
1767148200,4064,4076,4064,4070,764
1767148500,4069,4079,4069,4070,416
1767148800,4072,4076,4069,4073,244
1767149100,4073,4073,4065,4066,406
1767149400,4066,4073,4061,4070,463
1767149700,4070,4072,4065,4067,117
1767150000,4066,4069,4065,4067,133
1767150300,4068,4068,4066,4067,84
1767150600,4068,4073,4068,4070,162
1767150900,4071,4072,4066,4066,187
1767151200,4066,4068,4057,4059,605
1767151500,4059,4067,4057,4059,475
1767151800,4059,4060,4055,4055,240
1767152100,4055,4057,4055,4057,66
1767152400,4057,4059,4055,4055,115
1767152700,4054,4056,4050,4055,227
1767153000,4055,4058,4055,4058,107
1767153300,4058,4064,4057,4064,311
1767153600,4064,4066,4062,4064,141
1767153900,4064,4066,4063,4065,85
1767154200,4066,4067,4063,4065,113
1767154500,4064,4065,4062,4065,73
1767154800,4065,4065,4062,4062,94
1767155100,4062,4064,4059,4061,202
1767162600,4055,4057,4045,4049,597
1767162900,4048,4050,4045,4048,301
1767163200,4047,4047,4042,4043,316
1767163500,4044,4048,4042,4047,307
1767163800,4048,4050,4042,4047,510
1767164100,4046,4048,4044,4046,158
1767164400,4047,4051,4046,4047,141
1767164700,4047,4048,4045,4048,55
1767165000,4049,4052,4048,4050,132
1767165300,4050,4054,4049,4050,140
1767165600,4049,4054,4049,4053,93
1767165900,4054,4056,4053,4055,148
1767166200,4055,4056,4055,4056,46
1767166500,4055,4059,4055,4057,141
1767166800,4056,4058,4056,4058,63
1767167100,4059,4059,4056,4057,32
1767167400,4057,4058,4056,4057,35
1767167700,4058,4058,4057,4057,12
1767168000,4057,4057,4051,4051,160
1767168300,4052,4052,4048,4048,99
1767168600,4048,4049,4047,4049,61
1767168900,4050,4050,4045,4045,70
1767169200,4046,4048,4044,4044,93
1767169500,4044,4045,4042,4044,209
1767169800,4045,4047,4044,4044,144
1767170100,4044,4045,4043,4044,88
1767170400,4045,4048,4045,4045,84
1767170700,4045,4045,4044,4045,23
1767171000,4046,4046,4042,4043,130
1767171300,4043,4046,4042,4045,94
1767171600,4046,4055,4045,4054,434
1767171900,4054,4057,4052,4055,183
1767172200,4055,4059,4054,4056,208
1767172500,4056,4064,4056,4062,253
1767172800,4061,4062,4061,4062,76
1767173100,4062,4063,4060,4062,120
1767173400,4063,4063,4056,4057,140
1767173700,4056,4059,4055,4057,90
1767174000,4058,4059,4056,4059,82
1767174300,4058,4058,4055,4058,143
1767174600,4058,4059,4056,4058,99
1767174900,4057,4064,4056,4060,378
1767321000,4029,4029,3994,4005,1288
1767321300,4003,4004,3987,4002,903
1767321600,4003,4006,3991,3993,569
1767321900,3993,3998,3993,3994,286
1767322200,3994,3999,3990,3994,441
1767322500,3995,3998,3993,3993,126
1767322800,3993,3996,3993,3994,130
1767323100,3993,3994,3990,3994,303
1767323400,3994,3998,3994,3998,149
1767323700,3997,4005,3997,4002,338
1767324000,4002,4005,4000,4002,235
1767324300,4003,4005,4002,4002,94
1767324600,4002,4005,4002,4003,73
1767324900,4003,4007,4003,4006,265
1767325200,4006,4007,4005,4006,30
1767325500,4006,4009,4002,4003,182
1767325800,4003,4008,3998,4008,313
1767326100,4008,4010,4006,4010,173
1767326400,4010,4018,4009,4015,347
1767326700,4016,4016,4012,4014,168
1767327000,4013,4014,4006,4010,158
1767327300,4009,4012,4008,4008,55
1767327600,4007,4010,4007,4010,41
1767327900,4009,4013,4008,4012,150
1767335400,4012,4018,4010,4018,251
1767335700,4017,4022,4016,4018,240
1767336000,4017,4019,4015,4015,56
1767336300,4015,4016,4010,4011,126
1767336600,4011,4015,4010,4015,102
1767336900,4015,4018,4013,4015,89
1767337200,4015,4017,4011,4011,36
1767337500,4011,4012,4010,4012,56
1767337800,4012,4014,4010,4010,72
1767338100,4010,4012,4010,4012,47
1767338400,4012,4012,4012,4012,17
1767338700,4012,4012,4010,4011,38
1767339000,4011,4014,4011,4013,83
1767339300,4013,4013,4011,4012,40
1767339600,4011,4011,4004,4005,472
1767339900,4004,4005,4003,4004,133
1767340200,4004,4005,4003,4003,151
1767340500,4003,4003,4001,4002,266
1767340800,4003,4003,3999,4003,192
1767341100,4003,4005,4002,4004,68
1767341400,4005,4008,4003,4007,120
1767341700,4007,4013,4007,4012,283
1767342000,4013,4013,4009,4010,185
1767342300,4009,4011,4008,4011,118
1767342600,4011,4011,4008,4008,95
1767342900,4009,4010,4008,4009,61
1767343200,4010,4011,4008,4009,68
1767343500,4009,4010,4008,4009,52
1767343800,4009,4011,4006,4008,164
1767344100,4009,4010,4004,4004,108
1767344400,4004,4006,4003,4005,91
1767344700,4005,4007,4005,4007,67
1767345000,4007,4007,4004,4005,69
1767345300,4005,4006,4003,4004,146
1767345600,4005,4008,4003,4006,106
1767345900,4006,4008,4005,4006,44
1767346200,4006,4007,3999,4001,178
1767346500,4001,4002,3999,4000,150
1767346800,4001,4002,3999,4002,107
1767347100,4003,4004,4000,4003,163
1767347400,4002,4003,3999,3999,178
1767347700,3999,4003,3999,4000,561
1767580200,4012,4018,4002,4005,1211
1767580500,4003,4034,3999,4028,1173
1767580800,4028,4029,4021,4026,655
1767581100,4027,4029,4024,4026,274
1767581400,4025,4034,4020,4033,432
1767581700,4033,4035,4025,4029,345
1767582000,4028,4030,4021,4023,196
1767582300,4022,4024,4016,4021,249
1767582600,4021,4027,4018,4025,126
1767582900,4025,4025,4018,4018,125
1767583200,4017,4020,4017,4017,113
1767583500,4017,4019,4016,4017,83
1767583800,4017,4020,4017,4019,48
1767584100,4019,4020,4017,4019,72
1767584400,4020,4020,4011,4011,181
1767584700,4012,4012,4009,4009,163
1767585000,4009,4010,4008,4008,51
1767585300,4008,4009,4007,4009,53
1767585600,4009,4009,4007,4009,71
1767585900,4009,4011,4009,4010,62
1767586200,4010,4010,4006,4006,95
1767586500,4007,4009,4004,4008,221
1767586800,4008,4010,4006,4010,155
1767587100,4011,4013,4009,4009,169
1767594600,3988,3990,3977,3988,1526
1767594900,3988,3993,3983,3985,420
1767595200,3985,3996,3984,3994,476
1767595500,3995,4001,3995,4000,344
1767595800,4000,4000,3997,3997,387
1767596100,3998,4010,3997,4008,546
1767596400,4009,4011,4003,4006,397
1767596700,4006,4010,4006,4009,130
1767597000,4009,4009,3998,3998,158
1767597300,3998,4002,3997,3998,213
1767597600,3998,4003,3998,4003,86
1767597900,4003,4008,4000,4000,130
1767598200,4001,4002,3998,4001,79
1767598500,4003,4003,3999,3999,39
1767598800,3999,4001,3998,3999,52
1767599100,3998,4000,3996,3996,81
1767599400,3996,4000,3996,3999,85
1767599700,4000,4000,3999,4000,21
1767600000,4000,4003,3999,3999,131
1767600300,3998,4000,3998,3999,70
1767600600,4000,4005,4000,4004,100
1767600900,4004,4009,4003,4007,273
1767601200,4007,4010,4006,4010,169
1767601500,4009,4009,4002,4002,200
1767601800,4002,4005,4002,4002,48
1767602100,4003,4003,3999,4001,103
1767602400,4001,4001,3997,3999,131
1767602700,3999,4005,3999,4004,62
1767603000,4005,4006,4004,4005,39
1767603300,4004,4010,4004,4009,146
1767603600,4009,4009,4003,4003,95
1767603900,4003,4005,4003,4005,40
1767604200,4005,4015,4005,4012,374
1767604500,4012,4016,4010,4011,216
1767604800,4010,4013,4010,4011,109
1767605100,4012,4012,4006,4008,124
1767605400,4009,4014,4009,4012,97
1767605700,4013,4014,4011,4014,67
1767606000,4013,4017,4013,4015,261
1767606300,4015,4016,4014,4015,100
1767606600,4016,4021,4015,4020,328
1767606900,4020,4029,4020,4022,1100
1767618000,4028,4028,4018,4022,323
1767618300,4021,4021,4013,4017,154
1767618600,4017,4017,4007,4010,253
1767618900,4008,4012,4007,4009,248
1767619200,4010,4016,4009,4012,210
1767619500,4014,4016,4012,4014,69
1767619800,4015,4018,4014,4018,96
1767620100,4017,4019,4014,4014,144
1767620400,4014,4018,4013,4017,57
1767620700,4018,4018,4016,4018,52
1767621000,4017,4017,4016,4017,15
1767621300,4016,4019,4015,4019,45
1767621600,4019,4019,4015,4015,41
1767621900,4015,4018,4015,4016,20
1767622200,4017,4018,4015,4018,22
1767622500,4018,4020,4018,4020,112
1767622800,4021,4022,4019,4019,119
1767623100,4018,4021,4018,4020,50
1767623400,4020,4021,4016,4019,197
1767623700,4018,4019,4016,4019,63
1767624000,4020,4023,4019,4020,87
1767624300,4020,4021,4018,4020,51
1767624600,4020,4020,4017,4018,59
1767624900,4017,4020,4017,4019,84
1767625200,4019,4022,4019,4021,71
1767625500,4020,4020,4018,4018,35
1767625800,4019,4019,4018,4018,32
1767626100,4018,4020,4018,4020,85
1767626400,4020,4021,4018,4021,65
1767626700,4020,4022,4019,4019,118
1767666600,4033,4038,4027,4028,1200
1767666900,4029,4038,4028,4036,725
1767667200,4036,4038,4033,4035,237
1767667500,4034,4042,4032,4040,569
1767667800,4039,4040,4035,4038,250
1767668100,4038,4044,4038,4042,487
1767668400,4041,4044,4038,4039,249
1767668700,4039,4041,4033,4034,471
1767669000,4033,4035,4028,4029,336
1767669300,4029,4032,4029,4030,217
1767669600,4029,4029,4022,4025,592
1767669900,4025,4026,4022,4024,259
1767670200,4025,4025,4020,4025,231
1767670500,4025,4025,4022,4023,71
1767670800,4022,4023,4017,4018,217
1767671100,4017,4020,4017,4020,69
1767671400,4020,4025,4020,4025,136
1767671700,4025,4026,4024,4025,74
1767672000,4025,4026,4020,4020,112
1767672300,4020,4021,4019,4021,43
1767672600,4021,4021,4015,4016,143
1767672900,4015,4015,4012,4015,192
1767673200,4015,4015,4011,4015,176
1767673500,4014,4014,4010,4010,260
1767681000,4013,4017,4009,4013,484
1767681300,4012,4013,4002,4009,652
1767681600,4011,4017,4009,4014,350
1767681900,4014,4014,4009,4010,322
1767682200,4009,4013,4008,4012,187
1767682500,4011,4013,4010,4012,159
1767682800,4012,4013,4009,4013,233
1767683100,4012,4015,4011,4011,73
1767683400,4011,4014,4008,4014,275
1767683700,4014,4017,4012,4012,247
1767684000,4013,4013,4010,4011,116
1767684300,4011,4014,4011,4014,146
1767684600,4013,4019,4013,4015,231
1767684900,4015,4017,4014,4016,95
1767685200,4016,4016,4011,4011,144
1767685500,4010,4013,4010,4013,148
1767685800,4012,4014,4012,4014,85
1767686100,4013,4013,4009,4010,378
1767686400,4010,4012,4008,4010,204
1767686700,4010,4011,4008,4009,147
1767687000,4009,4011,4006,4011,263
1767687300,4010,4012,4010,4012,221
1767687600,4013,4014,4011,4013,243
1767687900,4013,4013,4010,4010,89
1767688200,4010,4013,4009,4012,285
1767688500,4012,4012,4011,4011,58
1767688800,4011,4014,4011,4013,35
1767689100,4013,4016,4013,4016,95
1767689400,4016,4017,4015,4017,128
1767689700,4017,4018,4016,4018,135
1767690000,4018,4020,4016,4017,217
1767690300,4017,4017,4014,4015,142
1767690600,4015,4016,4011,4012,240
1767690900,4013,4013,4010,4010,217
1767691200,4010,4011,4004,4006,245
1767691500,4005,4008,4003,4007,210
1767691800,4007,4008,4004,4004,146
1767692100,4004,4005,4004,4005,34
1767692400,4005,4008,4005,4007,79
1767692700,4007,4007,4002,4004,293
1767693000,4004,4004,4002,4003,167
1767693300,4003,4004,3998,4002,937
1767704400,4000,4010,4000,4009,243
1767704700,4010,4014,4007,4013,203
1767705000,4013,4017,4008,4011,299
1767705300,4010,4013,4010,4011,69
1767705600,4011,4014,4010,4010,88
1767705900,4010,4013,4009,4011,107
1767706200,4011,4014,4011,4011,81
1767706500,4010,4011,4008,4008,168
1767706800,4008,4011,4006,4010,135
1767707100,4011,4014,4011,4013,38
1767707400,4012,4013,4012,4012,40
1767707700,4012,4013,4010,4013,37
1767708000,4013,4014,4010,4013,64
1767708300,4014,4022,4013,4021,322
1767708600,4020,4023,4017,4018,177
1767708900,4019,4020,4018,4020,39
1767709200,4020,4023,4019,4020,47
1767709500,4021,4024,4020,4022,92
1767709800,4022,4027,4022,4024,266
1767710100,4025,4027,4025,4025,147
1767710400,4025,4028,4023,4027,119
1767710700,4028,4034,4028,4032,291
1767711000,4033,4033,4027,4028,102
1767711300,4029,4031,4025,4026,99
1767711600,4026,4026,4021,4021,78
1767711900,4022,4022,4018,4018,166
1767712200,4018,4018,4008,4008,221
1767712500,4008,4011,4000,4011,380
1767712800,4011,4016,4010,4016,51
1767713100,4016,4019,4012,4019,151
1767753000,4009,4023,4000,4022,1301
1767753300,4021,4025,4014,4017,376
1767753600,4017,4018,4010,4010,215
1767753900,4010,4017,4008,4015,436
1767754200,4015,4017,4011,4017,198
1767754500,4016,4019,4011,4011,268
1767754800,4011,4012,4007,4009,167
1767755100,4009,4009,4003,4006,284
1767755400,4005,4010,4004,4006,170
1767755700,4007,4012,4004,4008,222
1767756000,4008,4010,4003,4007,258
1767756300,4008,4013,4006,4010,321
1767756600,4010,4011,4009,4009,89
1767756900,4010,4013,4010,4013,93
1767757200,4013,4017,4012,4016,250
1767757500,4016,4016,4015,4015,96
1767757800,4015,4015,4011,4013,219
1767758100,4012,4016,4011,4015,114
1767758400,4015,4017,4015,4016,92
1767758700,4016,4016,4013,4015,58
1767759000,4016,4017,4015,4016,57
1767759300,4016,4016,4012,4014,132
1767759600,4014,4016,4012,4016,69
1767759900,4015,4016,4013,4014,136
1767767400,4021,4023,4017,4021,476
1767767700,4020,4031,4020,4030,619
1767768000,4030,4030,4026,4027,193
1767768300,4027,4027,4022,4026,225
1767768600,4027,4031,4022,4030,274
1767768900,4031,4038,4030,4037,550
1767769200,4038,4038,4028,4035,495
1767769500,4036,4036,4026,4031,308
1767769800,4031,4034,4031,4033,140
1767770100,4033,4034,4030,4032,113
1767770400,4032,4032,4029,4029,71
1767770700,4029,4030,4025,4026,168
1767771000,4026,4026,4012,4020,1077
1767771300,4021,4025,4020,4022,291
1767771600,4022,4038,4022,4038,929
1767771900,4038,4040,4031,4031,467
1767772200,4031,4036,4031,4036,119
1767772500,4035,4047,4033,4043,443
1767772800,4043,4048,4041,4043,392
1767773100,4043,4043,4039,4041,205
1767773400,4042,4042,4039,4039,63
1767773700,4040,4047,4040,4043,196
1767774000,4044,4049,4043,4048,89
1767774300,4048,4049,4046,4046,163
1767774600,4046,4054,4046,4050,687
1767774900,4050,4052,4049,4052,153
1767775200,4052,4054,4047,4048,211
1767775500,4048,4048,4044,4047,107
1767775800,4046,4048,4043,4043,105
1767776100,4043,4046,4043,4045,49
1767776400,4045,4046,4042,4043,102
1767776700,4043,4046,4042,4045,74
1767777000,4045,4047,4045,4047,40
1767777300,4047,4050,4043,4049,263
1767777600,4050,4055,4050,4053,230
1767777900,4053,4053,4050,4050,76
1767778200,4050,4052,4049,4051,142
1767778500,4051,4053,4047,4048,240
1767778800,4048,4049,4045,4047,210
1767779100,4046,4047,4042,4047,357
1767779400,4046,4048,4040,4042,369
1767779700,4041,4045,4035,4045,1003
1767790800,4059,4066,4056,4059,515
1767791100,4060,4063,4056,4058,390
1767791400,4057,4063,4057,4061,326
1767791700,4063,4073,4062,4073,723
1767792000,4072,4073,4066,4067,212
1767792300,4067,4068,4064,4068,176
1767792600,4068,4069,4063,4068,153
1767792900,4068,4069,4065,4067,251
1767793200,4066,4069,4066,4067,39
1767793500,4066,4069,4065,4067,117
1767793800,4068,4074,4068,4073,165
1767794100,4073,4074,4070,4071,183
1767794400,4070,4073,4069,4072,44
1767794700,4072,4073,4070,4071,52
1767795000,4071,4071,4065,4066,199
1767795300,4067,4067,4063,4065,126
1767795600,4064,4065,4061,4062,87
1767795900,4062,4065,4060,4062,179
1767796200,4061,4063,4061,4062,119
1767796500,4062,4068,4057,4058,679
1767796800,4059,4062,4055,4062,394
1767797100,4061,4063,4059,4061,161
1767797400,4060,4062,4058,4060,167
1767797700,4059,4060,4055,4056,129
1767798000,4055,4057,4053,4055,63
1767798300,4055,4057,4054,4055,83
1767798600,4055,4056,4054,4056,42
1767798900,4056,4060,4056,4058,141
1767799200,4058,4060,4058,4059,36
1767799500,4057,4060,4054,4060,131
1767839400,4095,4097,4077,4078,1621
1767839700,4079,4085,4078,4080,474
1767840000,4079,4084,4070,4071,770
1767840300,4072,4080,4065,4067,796
1767840600,4067,4076,4065,4073,406
1767840900,4073,4073,4067,4069,183
1767841200,4068,4070,4054,4055,676
1767841500,4054,4058,4051,4055,443
1767841800,4054,4055,4040,4046,851
1767842100,4048,4052,4043,4052,376
1767842400,4051,4056,4050,4054,479
1767842700,4054,4057,4052,4053,179
1767843000,4053,4053,4046,4047,173
1767843300,4047,4050,4045,4047,206
1767843600,4047,4048,4046,4047,93
1767843900,4046,4047,4043,4044,166
1767844200,4043,4048,4043,4047,152
1767844500,4048,4049,4043,4045,141
1767844800,4045,4045,4041,4042,224
1767845100,4041,4042,4036,4040,493
1767845400,4040,4042,4039,4042,97
1767845700,4042,4044,4041,4044,126
1767846000,4044,4044,4040,4041,62
1767846300,4040,4043,4039,4042,132
1767853800,4057,4065,4056,4058,1297
1767854100,4058,4061,4054,4055,381
1767854400,4056,4058,4052,4054,288
1767854700,4055,4060,4054,4059,257
1767855000,4058,4058,4053,4055,154
1767855300,4056,4057,4044,4050,510
1767855600,4051,4052,4049,4050,283
1767855900,4050,4051,4041,4044,684
1767856200,4046,4054,4045,4053,308
1767856500,4053,4056,4050,4050,490
1767856800,4050,4050,4046,4048,131
1767857100,4048,4048,4045,4048,68
1767857400,4048,4049,4044,4044,125
1767857700,4044,4046,4042,4044,161
1767858000,4044,4046,4043,4046,77
1767858300,4046,4049,4044,4044,85
1767858600,4044,4048,4044,4046,41
1767858900,4047,4051,4045,4050,108
1767859200,4050,4050,4047,4048,94
1767859500,4048,4052,4048,4050,85
1767859800,4051,4052,4045,4048,123
1767860100,4049,4051,4046,4046,110
1767860400,4047,4049,4047,4048,54
1767860700,4048,4050,4047,4048,44
1767861000,4049,4052,4049,4051,114
1767861300,4051,4052,4047,4047,74
1767861600,4047,4047,4046,4047,35
1767861900,4046,4050,4046,4050,79
1767862200,4050,4050,4048,4049,48
1767862500,4048,4051,4047,4051,64
1767862800,4050,4050,4046,4046,90
1767863100,4047,4048,4044,4046,240
1767863400,4046,4046,4044,4045,59
1767863700,4044,4046,4044,4045,72
1767864000,4045,4046,4043,4043,127
1767864300,4043,4044,4042,4042,162
1767864600,4042,4043,4042,4042,88
1767864900,4043,4046,4043,4045,296
1767865200,4046,4048,4045,4048,220
1767865500,4048,4049,4047,4049,221
1767865800,4050,4054,4049,4052,384
1767866100,4052,4056,4051,4052,775
1767877200,4068,4079,4060,4063,467
1767877500,4064,4064,4060,4063,105
1767877800,4063,4065,4060,4060,198
1767878100,4059,4061,4050,4054,552
1767878400,4055,4056,4052,4052,52
1767878700,4052,4056,4052,4054,99
1767879000,4054,4061,4053,4058,155
1767879300,4058,4060,4053,4056,96
1767879600,4056,4058,4055,4056,30
1767879900,4056,4056,4053,4054,32
1767880200,4054,4054,4050,4052,65
1767880500,4051,4054,4050,4054,60
1767880800,4054,4054,4047,4047,248
1767881100,4048,4048,4044,4047,173
1767881400,4047,4048,4044,4047,218
1767881700,4047,4050,4047,4050,26
1767882000,4049,4049,4045,4047,57
1767882300,4046,4047,4044,4044,56
1767882600,4044,4047,4041,4044,484
1767882900,4045,4045,4040,4040,198
1767883200,4040,4040,4037,4037,122
1767883500,4038,4041,4037,4041,77
1767883800,4042,4044,4042,4042,95
1767884100,4042,4043,4040,4041,99
1767884400,4042,4046,4042,4046,47
1767884700,4046,4047,4043,4044,42
1767885000,4044,4045,4042,4043,79
1767885300,4043,4044,4040,4041,66
1767885600,4042,4043,4041,4042,89
1767885900,4041,4045,4039,4039,214
1767925800,4055,4058,4046,4057,761
1767926100,4057,4063,4055,4058,343
1767926400,4058,4064,4058,4064,171
1767926700,4064,4064,4055,4059,301
1767927000,4058,4062,4058,4058,165
1767927300,4059,4068,4057,4068,351
1767927600,4068,4069,4062,4065,139
1767927900,4065,4072,4064,4068,340
1767928200,4069,4073,4067,4070,165
1767928500,4071,4072,4069,4071,86
1767928800,4070,4071,4066,4066,303
1767929100,4066,4075,4066,4075,308
1767929400,4075,4077,4071,4072,215
1767929700,4072,4074,4071,4073,84
1767930000,4074,4074,4070,4070,83
1767930300,4069,4077,4068,4075,200
1767930600,4076,4079,4076,4078,143
1767930900,4079,4083,4078,4081,270
1767931200,4082,4087,4080,4087,349
1767931500,4086,4093,4085,4091,355
1767931800,4091,4092,4089,4091,159
1767932100,4091,4092,4089,4090,179
1767932400,4090,4092,4088,4092,123
1767932700,4091,4092,4086,4088,250
1767940200,4087,4088,4082,4082,373
1767940500,4082,4087,4081,4087,262
1767940800,4087,4099,4087,4098,609
1767941100,4099,4100,4094,4098,315
1767941400,4098,4098,4089,4091,564
1767941700,4091,4095,4085,4095,758
1767942000,4095,4095,4092,4094,62
1767942300,4094,4104,4090,4090,888
1767942600,4090,4091,4079,4082,682
1767942900,4083,4087,4082,4085,129
1767943200,4085,4091,4085,4088,184
1767943500,4088,4095,4088,4094,147
1767943800,4094,4095,4092,4093,129
1767944100,4092,4094,4088,4089,102
1767944400,4088,4095,4088,4095,74
1767944700,4095,4098,4094,4094,303
1767945000,4093,4095,4090,4093,151
1767945300,4093,4098,4091,4098,85
1767945600,4098,4099,4094,4096,204
1767945900,4097,4098,4094,4094,61
1767946200,4094,4095,4092,4093,65
1767946500,4094,4094,4091,4092,61
1767946800,4092,4095,4092,4093,70
1767947100,4093,4095,4093,4094,81
1767947400,4095,4096,4088,4088,294
1767947700,4089,4091,4084,4085,386
1767948000,4084,4087,4083,4087,72
1767948300,4087,4088,4081,4081,125
1767948600,4080,4082,4079,4079,140
1767948900,4080,4084,4080,4084,93
1767949200,4083,4086,4083,4084,103
1767949500,4084,4085,4082,4084,30
1767949800,4084,4085,4082,4084,60
1767950100,4084,4085,4080,4080,84
1767950400,4081,4082,4080,4080,54
1767950700,4080,4080,4077,4078,148
1767951000,4077,4078,4071,4076,324
1767951300,4076,4077,4074,4074,98
1767951600,4074,4075,4072,4074,158
1767951900,4073,4073,4061,4062,927
1767952200,4062,4063,4050,4053,1068
1767952500,4053,4053,4040,4048,3219
1768185000,4052,4052,4030,4044,1527
1768185300,4044,4052,4043,4046,432
1768185600,4045,4055,4045,4055,219
1768185900,4055,4059,4050,4051,299
1768186200,4051,4052,4047,4051,177
1768186500,4052,4057,4048,4057,165
1768186800,4057,4057,4050,4052,121
1768187100,4052,4058,4051,4054,106
1768187400,4055,4060,4055,4059,175
1768187700,4058,4061,4056,4060,221
1768188000,4061,4062,4054,4056,162
1768188300,4055,4055,4048,4048,202
1768188600,4048,4048,4041,4043,217
1768188900,4043,4043,4038,4040,208
1768189200,4039,4046,4039,4045,87
1768189500,4044,4045,4041,4043,86
1768189800,4043,4043,4041,4042,37
1768190100,4041,4043,4040,4043,46
1768190400,4043,4045,4041,4042,126
1768190700,4041,4043,4041,4042,68
1768191000,4042,4046,4042,4046,87
1768191300,4046,4047,4045,4046,69
1768191600,4046,4051,4045,4049,196
1768191900,4048,4051,4047,4049,191
1768199400,4086,4108,4085,4090,2615
1768199700,4090,4099,4085,4098,509
1768200000,4098,4098,4092,4092,243
1768200300,4093,4095,4087,4090,565
1768200600,4092,4095,4090,4094,276
1768200900,4094,4097,4094,4096,210
1768201200,4096,4097,4087,4088,309
1768201500,4087,4090,4085,4089,198
1768201800,4090,4094,4089,4092,257
1768202100,4092,4098,4092,4096,289
1768202400,4097,4101,4097,4098,258
1768202700,4097,4107,4097,4107,510
1768203000,4108,4110,4102,4106,392
1768203300,4107,4107,4098,4098,395
1768203600,4099,4099,4087,4088,498
1768203900,4088,4094,4087,4094,262
1768204200,4093,4096,4090,4090,257
1768204500,4089,4091,4085,4086,253
1768204800,4086,4090,4085,4088,131
1768205100,4087,4095,4085,4094,469
1768205400,4093,4098,4093,4097,250
1768205700,4096,4098,4092,4094,136
1768206000,4094,4096,4089,4090,157
1768206300,4089,4090,4087,4089,81
1768206600,4089,4089,4081,4083,403
1768206900,4083,4083,4080,4082,153
1768207200,4081,4085,4081,4085,212
1768207500,4084,4085,4083,4085,261
1768207800,4084,4087,4084,4086,130
1768208100,4086,4087,4086,4086,40
1768208400,4086,4090,4086,4090,148
1768208700,4089,4092,4089,4090,192
1768209000,4089,4090,4089,4090,48
1768209300,4090,4094,4090,4093,236
1768209600,4093,4100,4093,4097,269
1768209900,4096,4098,4095,4096,84
1768210200,4097,4102,4096,4101,137
1768210500,4101,4105,4100,4103,227
1768210800,4103,4105,4102,4104,214
1768211100,4104,4107,4103,4106,286
1768211400,4106,4110,4105,4107,266
1768211700,4107,4108,4099,4101,732
1768222800,4110,4128,4105,4113,987
1768223100,4113,4116,4107,4110,292
1768223400,4112,4115,4111,4113,65
1768223700,4115,4118,4114,4117,106
1768224000,4117,4120,4114,4119,119
1768224300,4119,4120,4116,4117,40
1768224600,4117,4118,4111,4111,118
1768224900,4111,4113,4109,4111,145
1768225200,4111,4112,4106,4106,204
1768225500,4106,4114,4105,4113,251
1768225800,4112,4117,4111,4116,67
1768226100,4116,4118,4112,4112,68
1768226400,4112,4114,4110,4110,31
1768226700,4111,4113,4110,4110,40
1768227000,4110,4113,4110,4112,28
1768227300,4112,4113,4109,4110,40
1768227600,4110,4110,4105,4105,142
1768227900,4105,4110,4101,4109,161
1768228200,4109,4116,4108,4114,159
1768228500,4115,4121,4115,4118,304
1768228800,4119,4121,4116,4120,143
1768229100,4120,4120,4114,4115,129
1768229400,4116,4119,4115,4117,55
1768229700,4116,4121,4116,4121,106
1768271400,4142,4157,4138,4139,2146
1768271700,4138,4141,4134,4137,477
1768272000,4138,4144,4129,4140,1083
1768272300,4141,4144,4139,4140,256
1768272600,4140,4140,4136,4136,208
1768272900,4137,4143,4137,4142,172
1768273200,4143,4143,4138,4138,230
1768273500,4139,4143,4138,4141,108
1768273800,4141,4147,4140,4140,331
1768274100,4140,4140,4131,4133,539
1768274400,4133,4137,4133,4134,144
1768274700,4135,4143,4132,4139,244
1768275000,4139,4141,4137,4141,142
1768275300,4140,4142,4140,4141,85
1768275600,4141,4145,4140,4144,146
1768275900,4145,4146,4141,4141,73
1768276200,4141,4141,4138,4141,137
1768276500,4142,4142,4139,4139,55
1768276800,4139,4142,4139,4142,62
1768277100,4142,4142,4139,4140,69
1768277400,4140,4142,4139,4142,44
1768277700,4142,4143,4141,4143,60
1768278000,4144,4144,4140,4140,63
1768278300,4140,4141,4136,4141,228
1768285800,4129,4132,4122,4123,776
1768286100,4123,4125,4112,4119,482
1768286400,4119,4120,4113,4119,342
1768286700,4117,4122,4114,4116,191
1768287000,4116,4124,4114,4115,693
1768287300,4115,4116,4110,4111,826
1768287600,4110,4112,4107,4112,374
1768287900,4112,4114,4109,4114,317
1768288200,4114,4116,4112,4115,211
1768288500,4115,4121,4112,4120,284
1768288800,4120,4120,4072,4073,2577
1768289100,4074,4081,4069,4079,980
1768289400,4079,4082,4073,4078,440
1768289700,4078,4078,4042,4045,1455
1768290000,4045,4057,4037,4056,1146
1768290300,4055,4061,4047,4057,587
1768290600,4057,4059,4050,4051,287
1768290900,4051,4058,4044,4058,383
1768291200,4056,4059,4051,4051,179
1768291500,4051,4057,4050,4055,118
1768291800,4054,4055,4050,4052,108
1768292100,4053,4055,4046,4054,136
1768292400,4055,4058,4052,4053,166
1768292700,4052,4053,4044,4050,273
1768293000,4049,4053,4045,4046,179
1768293300,4046,4050,4045,4050,147
1768293600,4050,4050,4047,4048,143
1768293900,4049,4050,4047,4049,97
1768294200,4049,4052,4047,4048,340
1768294500,4048,4053,4046,4052,349
1768294800,4050,4058,4050,4057,244
1768295100,4056,4062,4055,4061,144
1768295400,4060,4064,4060,4062,208
1768295700,4063,4066,4063,4066,307
1768296000,4067,4069,4064,4068,288
1768296300,4069,4070,4068,4069,231
1768296600,4068,4078,4068,4077,549
1768296900,4077,4081,4076,4080,631
1768297200,4080,4081,4076,4079,304
1768297500,4079,4085,4076,4083,458
1768297800,4084,4084,4075,4075,169
1768298100,4075,4078,4073,4073,533
1768309200,4083,4095,4083,4092,482
1768309500,4092,4095,4088,4088,215
1768309800,4089,4094,4089,4091,114
1768310100,4092,4092,4086,4086,188
1768310400,4086,4088,4075,4078,337
1768310700,4078,4078,4073,4075,88
1768311000,4075,4079,4075,4078,118
1768311300,4078,4082,4076,4082,80
1768311600,4082,4083,4077,4080,64
1768311900,4080,4080,4075,4076,54
1768312200,4075,4075,4068,4069,160
1768312500,4069,4073,4068,4068,116
1768312800,4068,4070,4068,4069,55
1768313100,4070,4071,4069,4071,35
1768313400,4071,4073,4066,4068,124
1768313700,4067,4069,4064,4067,97
1768314000,4068,4071,4064,4069,68
1768314300,4069,4072,4069,4072,47
1768314600,4072,4081,4070,4080,149
1768314900,4080,4080,4075,4079,87
1768315200,4079,4086,4079,4085,130
1768315500,4085,4093,4084,4092,219
1768315800,4092,4095,4088,4093,145
1768316100,4094,4095,4092,4095,158
1768357800,4105,4112,4098,4108,1055
1768358100,4108,4114,4106,4112,538
1768358400,4111,4112,4100,4105,273
1768358700,4105,4121,4104,4121,710
1768359000,4121,4127,4116,4116,417
1768359300,4116,4122,4116,4119,243
1768359600,4119,4124,4118,4118,214
1768359900,4118,4126,4113,4125,458
1768360200,4126,4127,4124,4126,291
1768360500,4126,4128,4121,4123,174
1768360800,4123,4123,4116,4120,532
1768361100,4119,4120,4111,4115,247
1768361400,4114,4115,4106,4107,228
1768361700,4108,4109,4101,4101,318
1768362000,4101,4102,4101,4101,112
1768362300,4101,4108,4100,4107,221
1768362600,4107,4112,4107,4109,194
1768362900,4110,4118,4110,4116,129
1768363200,4117,4121,4117,4118,214
1768363500,4119,4124,4115,4115,164
1768363800,4116,4120,4116,4117,58
1768364100,4117,4120,4117,4118,92
1768364400,4118,4122,4118,4121,508
1768364700,4121,4122,4117,4117,197
1768372200,4102,4108,4090,4094,1160
1768372500,4095,4095,4076,4083,1042
1768372800,4082,4086,4078,4084,557
1768373100,4084,4093,4083,4091,328
1768373400,4091,4091,4074,4074,576
1768373700,4074,4077,4071,4075,387
1768374000,4077,4078,4071,4071,224
1768374300,4071,4080,4065,4068,573
1768374600,4068,4076,4068,4076,114
1768374900,4077,4077,4071,4076,140
1768375200,4075,4076,4068,4071,142
1768375500,4072,4072,4063,4067,251
1768375800,4067,4074,4067,4073,118
1768376100,4072,4077,4071,4077,96
1768376400,4077,4077,4074,4077,44
1768376700,4077,4080,4076,4077,193
1768377000,4078,4080,4077,4080,51
1768377300,4080,4080,4076,4076,98
1768377600,4077,4078,4073,4075,140
1768377900,4075,4076,4075,4075,45
1768378200,4075,4076,4073,4074,55
1768378500,4073,4080,4072,4079,103
1768378800,4079,4080,4076,4078,66
1768379100,4079,4079,4071,4073,95
1768379400,4072,4077,4072,4077,110
1768379700,4078,4082,4076,4079,199
1768380000,4078,4079,4075,4078,71
1768380300,4078,4082,4078,4081,57
1768380600,4082,4084,4082,4082,138
1768380900,4083,4084,4078,4078,80
1768381200,4079,4079,4070,4073,199
1768381500,4072,4073,4070,4071,63
1768381800,4072,4072,4066,4066,110
1768382100,4068,4070,4065,4070,157
1768382400,4070,4070,4066,4066,61
1768382700,4066,4068,4066,4067,60
1768383000,4067,4070,4059,4060,246
1768383300,4059,4063,4059,4061,58
1768383600,4061,4061,4058,4061,64
1768383900,4060,4060,4055,4058,316
1768384200,4057,4059,4054,4056,147
1768384500,4057,4059,4047,4053,1236
1768395600,4063,4063,4047,4056,306
1768395900,4054,4056,4048,4051,104
1768396200,4053,4054,4047,4049,117
1768396500,4049,4052,4044,4051,191
1768396800,4052,4054,4050,4053,92
1768397100,4054,4058,4050,4058,109
1768397400,4056,4059,4051,4051,110
1768397700,4051,4053,4048,4052,76
1768398000,4051,4054,4051,4051,28
1768398300,4051,4053,4050,4052,31
1768398600,4051,4051,4048,4048,45
1768398900,4048,4050,4047,4048,70
1768399200,4048,4057,4047,4057,104
1768399500,4058,4060,4056,4057,109
1768399800,4057,4057,4054,4054,38
1768400100,4055,4056,4054,4056,34
1768400400,4057,4060,4057,4060,39
1768400700,4060,4061,4057,4059,66
1768401000,4059,4061,4048,4051,178
1768401300,4051,4051,4046,4050,100
1768401600,4051,4053,4046,4046,63
1768401900,4046,4051,4041,4041,158
1768402200,4042,4044,4036,4036,213
1768402500,4036,4039,4032,4032,354
1768444200,4005,4028,3999,4025,1152
1768444500,4025,4030,4021,4023,534
1768444800,4023,4025,4020,4022,416
1768445100,4022,4023,4019,4021,198
1768445400,4021,4021,4014,4019,438
1768445700,4018,4021,4007,4010,588
1768446000,4012,4015,4007,4013,182
1768446300,4013,4020,4012,4017,200
1768446600,4019,4020,4015,4016,209
1768446900,4016,4018,4015,4018,89
1768447200,4018,4022,4018,4018,204
1768447500,4018,4018,4012,4015,165
1768447800,4016,4019,4015,4017,102
1768448100,4018,4024,4017,4023,98
1768448400,4023,4024,4021,4022,50
1768448700,4022,4027,4021,4025,127
1768449000,4025,4027,4024,4025,86
1768449300,4025,4025,4024,4024,41
1768449600,4024,4024,4021,4021,87
1768449900,4021,4023,4021,4023,29
1768450200,4024,4024,4022,4024,19
1768450500,4025,4027,4024,4026,30
1768450800,4026,4027,4025,4025,47
1768451100,4026,4028,4023,4027,111
1768458600,4029,4034,4026,4029,542
1768458900,4028,4029,4016,4021,318
1768459200,4021,4024,4016,4016,202
1768459500,4016,4022,4016,4019,90
1768459800,4018,4022,4016,4020,187
1768460100,4021,4024,4018,4018,108
1768460400,4018,4027,4017,4026,208
1768460700,4026,4028,4024,4027,112
1768461000,4027,4027,4015,4017,190
1768461300,4017,4018,4012,4016,166
1768461600,4016,4020,4016,4017,107
1768461900,4017,4018,4015,4016,64
1768462200,4016,4020,4015,4016,92
1768462500,4016,4017,4012,4014,162
1768462800,4013,4013,4009,4011,184
1768463100,4011,4011,4008,4008,117
1768463400,4009,4010,4004,4006,295
1768463700,4006,4007,4002,4003,167
1768464000,4003,4004,4002,4004,111
1768464300,4003,4012,4002,4004,432
1768464600,4004,4011,4001,4008,179
1768464900,4009,4013,4009,4011,75
1768465200,4011,4012,4006,4006,80
1768465500,4006,4009,4005,4008,99
1768465800,4008,4008,4002,4004,155
1768466100,4005,4005,4002,4002,232
1768466400,4004,4009,4004,4007,98
1768466700,4008,4009,4007,4009,38
1768467000,4009,4010,4007,4009,120
1768467300,4010,4011,4002,4003,300
1768467600,4003,4003,3996,3999,402
1768467900,3998,4001,3993,3994,440
1768468200,3994,3998,3994,3998,267
1768468500,3997,4004,3997,3999,235
1768468800,3998,3999,3995,3996,177
1768469100,3996,3996,3991,3995,111
1768469400,3995,3999,3994,3995,109
1768469700,3995,3997,3992,3992,89
1768470000,3992,3993,3990,3991,250
1768470300,3991,3994,3989,3994,323
1768470600,3994,3995,3991,3991,207
1768470900,3991,3993,3986,3990,832
1768482000,3994,3997,3984,3984,264
1768482300,3984,3987,3981,3984,284
1768482600,3983,3988,3978,3986,169
1768482900,3988,3996,3986,3990,287
1768483200,3991,3992,3990,3991,31
1768483500,3993,3999,3993,3999,98
1768483800,3998,4001,3996,4000,124
1768484100,4000,4000,3994,3995,141
1768484400,3996,3999,3994,3994,114
1768484700,3994,3997,3992,3997,83
1768485000,3997,3999,3997,3999,54
1768485300,3998,4003,3998,4001,106
1768485600,4001,4003,4000,4002,70
1768485900,4001,4001,3999,4000,49
1768486200,4000,4000,3999,4000,28
1768486500,4001,4001,4000,4001,37
1768486800,4001,4001,4000,4000,9
1768487100,4000,4009,4000,4009,183
1768487400,4009,4020,4009,4018,489
1768487700,4018,4023,4015,4023,186
1768488000,4024,4031,4023,4030,367
1768488300,4031,4041,4027,4040,372
1768488600,4039,4053,4038,4049,443
1768488900,4049,4054,4047,4054,589
1768530600,4063,4065,4048,4053,1396
1768530900,4053,4053,4034,4037,941
1768531200,4037,4047,4037,4043,522
1768531500,4043,4046,4039,4044,323
1768531800,4044,4048,4037,4039,455
1768532100,4039,4045,4037,4042,396
1768532400,4042,4050,4042,4048,430
1768532700,4048,4051,4043,4046,385
1768533000,4047,4051,4044,4045,216
1768533300,4046,4049,4043,4046,273
1768533600,4047,4053,4042,4052,296
1768533900,4052,4055,4049,4053,351
1768534200,4053,4059,4053,4057,393
1768534500,4058,4060,4056,4057,220
1768534800,4058,4063,4055,4063,390
1768535100,4062,4068,4061,4068,335
1768535400,4068,4077,4065,4073,732
1768535700,4073,4075,4067,4068,301
1768536000,4067,4071,4066,4069,300
1768536300,4069,4071,4068,4070,207
1768536600,4069,4070,4067,4068,202
1768536900,4068,4073,4068,4071,228
1768537200,4072,4078,4071,4074,414
1768537500,4075,4076,4071,4071,398
1768545000,4064,4067,4055,4057,731
1768545300,4057,4060,4057,4059,441
1768545600,4058,4060,4050,4054,350
1768545900,4055,4060,4053,4059,267
1768546200,4058,4076,4058,4073,1189
1768546500,4073,4076,4069,4072,296
1768546800,4073,4076,4073,4075,229
1768547100,4075,4075,4066,4073,235
1768547400,4072,4075,4071,4074,85
1768547700,4075,4079,4070,4071,282
1768548000,4071,4072,4064,4066,165
1768548300,4065,4070,4065,4069,150
1768548600,4069,4071,4065,4066,307
1768548900,4067,4067,4060,4061,272
1768549200,4061,4064,4061,4062,72
1768549500,4063,4067,4063,4066,171
1768549800,4066,4070,4065,4069,202
1768550100,4070,4070,4066,4069,95
1768550400,4069,4075,4069,4075,451
1768550700,4074,4078,4074,4077,199
1768551000,4077,4078,4073,4077,233
1768551300,4077,4080,4074,4080,238
1768551600,4080,4083,4076,4078,412
1768551900,4079,4080,4075,4076,142
1768552200,4077,4079,4075,4078,153
1768552500,4077,4077,4070,4075,218
1768552800,4075,4077,4074,4076,311
1768553100,4076,4076,4059,4064,612
1768553400,4064,4066,4060,4065,334
1768553700,4064,4068,4059,4061,257
1768554000,4061,4061,4057,4061,233
1768554300,4061,4064,4059,4063,236
1768554600,4062,4066,4061,4066,317
1768554900,4066,4067,4063,4066,205
1768555200,4066,4076,4065,4075,265
1768555500,4076,4079,4075,4078,222
1768555800,4077,4079,4075,4075,316
1768556100,4076,4079,4074,4079,208
1768556400,4079,4083,4077,4083,386
1768556700,4083,4088,4082,4084,587
1768557000,4083,4085,4077,4079,310
1768557300,4079,4079,4066,4071,1336
1768789800,4065,4070,4053,4054,941
1768790100,4055,4058,4050,4052,311
1768790400,4053,4055,4043,4047,508
1768790700,4047,4049,4042,4044,174
1768791000,4043,4054,4042,4054,173
1768791300,4054,4056,4048,4050,249
1768791600,4050,4056,4048,4056,142
1768791900,4055,4059,4055,4059,190
1768792200,4059,4061,4053,4054,303
1768792500,4054,4054,4048,4051,180
1768792800,4052,4056,4049,4055,178
1768793100,4055,4057,4049,4049,172
1768793400,4050,4054,4048,4054,97
1768793700,4053,4053,4050,4050,32
1768794000,4050,4054,4050,4054,50
1768794300,4054,4054,4051,4051,39
1768794600,4051,4053,4050,4053,28
1768794900,4053,4058,4053,4054,136
1768795200,4055,4057,4051,4052,104
1768795500,4052,4055,4052,4052,26
1768795800,4053,4053,4051,4053,55
1768796100,4053,4054,4052,4053,51
1768796400,4054,4057,4053,4057,98
1768796700,4057,4058,4053,4057,165
1768804200,4064,4065,4057,4063,334
1768804500,4063,4069,4060,4061,468
1768804800,4062,4062,4057,4058,228
1768805100,4057,4061,4053,4053,280
1768805400,4052,4053,4045,4047,713
1768805700,4046,4055,4046,4049,323
1768806000,4050,4053,4048,4052,93
1768806300,4053,4056,4050,4055,241
1768806600,4055,4056,4053,4053,55
1768806900,4053,4055,4051,4052,101
1768807200,4053,4060,4052,4060,154
1768807500,4060,4063,4058,4058,222
1768807800,4058,4060,4057,4059,237
1768808100,4059,4061,4057,4061,112
1768808400,4061,4063,4060,4062,175
1768808700,4063,4067,4062,4065,186
1768809000,4065,4066,4062,4064,171
1768809300,4064,4065,4063,4063,65
1768809600,4064,4069,4064,4068,241
1768809900,4067,4068,4066,4067,42
1768810200,4067,4067,4063,4066,173
1768810500,4066,4067,4064,4067,138
1768810800,4067,4074,4066,4073,349
1768811100,4073,4076,4073,4073,167
1768811400,4073,4079,4073,4079,278
1768811700,4078,4078,4075,4077,229
1768812000,4077,4077,4076,4076,50
1768812300,4075,4076,4073,4073,80
1768812600,4073,4077,4073,4077,63
1768812900,4076,4079,4075,4079,134
1768813200,4078,4079,4078,4079,54
1768813500,4079,4079,4075,4076,172
1768813800,4076,4076,4070,4070,156
1768814100,4070,4070,4067,4069,201
1768814400,4069,4070,4068,4069,86
1768814700,4068,4069,4067,4069,57
1768815000,4070,4074,4070,4071,146
1768815300,4071,4072,4071,4071,28
1768815600,4071,4073,4068,4073,198
1768815900,4071,4071,4065,4067,267
1768816200,4067,4069,4064,4069,100
1768816500,4069,4070,4064,4069,660
1768827600,4069,4078,4067,4072,297
1768827900,4072,4077,4072,4077,108
1768828200,4077,4078,4074,4078,80
1768828500,4078,4084,4077,4084,231
1768828800,4084,4085,4080,4080,386
1768829100,4080,4084,4079,4082,117
1768829400,4081,4085,4081,4084,127
1768829700,4085,4089,4081,4084,347
1768830000,4086,4087,4080,4083,184
1768830300,4083,4089,4082,4089,167
1768830600,4090,4090,4084,4088,278
1768830900,4087,4089,4087,4088,43
1768831200,4088,4089,4087,4088,128
1768831500,4087,4090,4087,4089,58
1768831800,4089,4089,4087,4087,49
1768832100,4086,4093,4086,4089,270
1768832400,4090,4093,4088,4092,174
1768832700,4093,4094,4091,4091,93
1768833000,4092,4092,4089,4089,70
1768833300,4089,4090,4087,4087,63
1768833600,4088,4091,4086,4090,94
1768833900,4089,4093,4088,4093,57
1768834200,4093,4094,4091,4091,68
1768834500,4091,4094,4090,4093,158
1768876200,4086,4091,4080,4082,589
1768876500,4082,4100,4080,4098,568
1768876800,4099,4100,4093,4097,314
1768877100,4097,4104,4095,4099,724
1768877400,4099,4101,4096,4099,271
1768877700,4098,4105,4097,4103,338
1768878000,4104,4112,4102,4109,694
1768878300,4109,4115,4108,4110,595
1768878600,4110,4111,4105,4108,289
1768878900,4108,4108,4104,4105,179
1768879200,4106,4110,4102,4102,453
1768879500,4103,4108,4102,4106,108
1768879800,4106,4109,4105,4109,86
1768880100,4109,4110,4108,4108,59
1768880400,4109,4109,4106,4106,62
1768880700,4107,4107,4101,4101,180
1768881000,4101,4104,4101,4103,69
1768881300,4103,4104,4101,4101,67
1768881600,4101,4105,4101,4105,77
1768881900,4104,4107,4102,4103,115
1768882200,4103,4104,4102,4103,97
1768882500,4103,4104,4102,4103,97
1768882800,4103,4106,4101,4106,78
1768883100,4106,4106,4102,4104,111
1768890600,4101,4111,4101,4110,404
1768890900,4110,4114,4106,4107,533
1768891200,4107,4107,4103,4104,415
1768891500,4105,4107,4105,4106,179
1768891800,4106,4109,4106,4106,136
1768892100,4106,4109,4106,4107,119
1768892400,4108,4109,4105,4105,167
1768892700,4105,4107,4105,4106,56
1768893000,4104,4105,4102,4104,180
1768893300,4103,4104,4102,4103,76
1768893600,4104,4108,4104,4107,77
1768893900,4107,4107,4103,4106,102
1768894200,4106,4110,4106,4109,223
1768894500,4110,4115,4110,4110,464
1768894800,4110,4111,4103,4103,237
1768895100,4103,4106,4103,4103,117
1768895400,4103,4103,4092,4096,678
1768895700,4097,4098,4087,4089,462
1768896000,4089,4092,4088,4091,169
1768896300,4091,4091,4088,4091,85
1768896600,4092,4098,4092,4095,178
1768896900,4095,4099,4093,4097,142
1768897200,4097,4100,4096,4099,107
1768897500,4100,4101,4098,4099,125
1768897800,4100,4106,4097,4106,305
1768898100,4106,4107,4104,4105,139
1768898400,4106,4108,4104,4105,119
1768898700,4104,4106,4093,4094,478
1768899000,4094,4096,4089,4094,450
1768899300,4094,4102,4094,4102,232
1768899600,4102,4107,4102,4107,389
1768899900,4107,4112,4105,4107,502
1768900200,4107,4107,4101,4104,214
1768900500,4104,4105,4102,4102,143
1768900800,4102,4106,4102,4103,102
1768901100,4103,4105,4103,4105,116
1768901400,4106,4106,4097,4098,252
1768901700,4097,4100,4094,4100,270
1768902000,4099,4101,4096,4100,144
1768902300,4101,4101,4097,4100,237
1768902600,4100,4101,4096,4099,206
1768902900,4100,4101,4093,4095,657
1768914000,4105,4122,4105,4119,675
1768914300,4120,4122,4115,4121,267
1768914600,4122,4126,4120,4120,251
1768914900,4120,4124,4117,4123,216
1768915200,4123,4135,4122,4128,678
1768915500,4128,4129,4124,4125,142
1768915800,4126,4126,4119,4121,361
1768916100,4121,4122,4118,4120,133
1768916400,4122,4123,4119,4121,153
1768916700,4121,4121,4119,4120,21
1768917000,4120,4121,4117,4121,59
1768917300,4120,4123,4120,4123,85
1768917600,4122,4126,4121,4121,206
1768917900,4121,4122,4119,4122,109
1768918200,4122,4123,4121,4122,37
1768918500,4122,4123,4120,4121,104
1768918800,4121,4122,4120,4120,37
1768919100,4122,4123,4119,4122,74
1768919400,4123,4125,4117,4119,245
1768919700,4119,4122,4117,4121,55
1768920000,4121,4123,4120,4121,45
1768920300,4121,4124,4121,4122,129
1768920600,4122,4124,4120,4122,107
1768920900,4121,4125,4121,4123,202
1768962600,4123,4134,4122,4129,1032
1768962900,4130,4137,4130,4134,535
1768963200,4133,4138,4131,4135,475
1768963500,4135,4136,4129,4131,335
1768963800,4130,4134,4124,4131,526
1768964100,4131,4132,4127,4131,310
1768964400,4132,4136,4131,4135,523
1768964700,4134,4138,4133,4134,417
1768965000,4135,4135,4130,4132,259
1768965300,4133,4134,4131,4133,104
1768965600,4133,4138,4133,4137,295
1768965900,4137,4138,4135,4136,264
1768966200,4137,4140,4136,4139,269
1768966500,4138,4139,4138,4138,90
1768966800,4138,4139,4137,4138,125
1768967100,4138,4140,4138,4139,172
1768967400,4139,4140,4132,4133,236
1768967700,4132,4134,4125,4127,469
1768968000,4128,4133,4128,4129,252
1768968300,4129,4132,4129,4130,76
1768968600,4129,4130,4123,4126,362
1768968900,4127,4133,4127,4133,170
1768969200,4133,4133,4131,4131,124
1768969500,4131,4135,4130,4132,293
1768977000,4122,4125,4115,4120,976
1768977300,4119,4126,4113,4124,434
1768977600,4124,4133,4123,4132,377
1768977900,4133,4140,4130,4138,567
1768978200,4138,4148,4138,4147,869
1768978500,4148,4148,4143,4148,521
1768978800,4147,4148,4144,4147,270
1768979100,4147,4151,4147,4151,727
1768979400,4151,4151,4144,4146,235
1768979700,4146,4148,4143,4143,213
1768980000,4144,4148,4144,4144,140
1768980300,4146,4147,4145,4146,112
1768980600,4146,4147,4144,4146,205
1768980900,4146,4147,4144,4145,102
1768981200,4145,4147,4144,4147,113
1768981500,4147,4149,4147,4148,154
1768981800,4149,4150,4148,4149,473
1768982100,4149,4151,4147,4147,273
1768982400,4147,4150,4147,4150,111
1768982700,4150,4159,4149,4158,562
1768983000,4158,4159,4152,4152,414
1768983300,4153,4154,4150,4151,159
1768983600,4151,4154,4151,4153,98
1768983900,4152,4154,4152,4153,69
1768984200,4153,4155,4150,4155,382
1768984500,4155,4155,4152,4154,251
1768984800,4155,4155,4153,4153,63
1768985100,4153,4154,4149,4149,283
1768985400,4149,4150,4147,4147,164
1768985700,4147,4149,4147,4149,109
1768986000,4148,4150,4147,4148,155
1768986300,4148,4150,4148,4150,110
1768986600,4150,4151,4150,4151,78
1768986900,4151,4152,4150,4152,136
1768987200,4152,4153,4149,4150,256
1768987500,4150,4151,4148,4149,109
1768987800,4149,4151,4149,4151,95
1768988100,4149,4150,4149,4150,72
1768988400,4150,4150,4148,4150,153
1768988700,4150,4159,4149,4158,597
1768989000,4159,4162,4157,4157,1131
1768989300,4157,4159,4152,4154,1231
1769000400,4160,4170,4152,4158,972
1769000700,4157,4166,4157,4166,193
1769001000,4166,4175,4166,4173,544
1769001300,4173,4184,4173,4182,544
1769001600,4181,4191,4181,4191,723
1769001900,4191,4196,4188,4196,706
1769002200,4196,4200,4190,4193,647
1769002500,4193,4196,4191,4193,307
1769002800,4194,4198,4193,4196,398
1769003100,4196,4197,4194,4194,139
1769003400,4194,4194,4191,4191,55
1769003700,4191,4195,4190,4192,78
1769004000,4193,4194,4188,4189,206
1769004300,4189,4191,4188,4190,209
1769004600,4189,4190,4186,4186,109
1769004900,4187,4190,4185,4188,92
1769005200,4188,4189,4186,4188,36
1769005500,4188,4189,4185,4186,69
1769005800,4186,4192,4186,4192,140
1769006100,4192,4193,4190,4192,229
1769006400,4191,4193,4190,4191,136
1769006700,4190,4191,4189,4191,123
1769007000,4191,4198,4190,4198,528
1769007300,4198,4201,4195,4200,655
1769049000,4205,4211,4197,4200,1533
1769049300,4199,4206,4198,4204,763
1769049600,4203,4205,4203,4204,238
1769049900,4204,4209,4204,4207,331
1769050200,4207,4213,4207,4210,476
1769050500,4210,4211,4207,4208,424
1769050800,4207,4212,4207,4210,363
1769051100,4210,4214,4209,4213,373
1769051400,4213,4214,4211,4212,168
1769051700,4212,4214,4202,4204,432
1769052000,4203,4207,4202,4207,290
1769052300,4207,4212,4201,4203,431
1769052600,4204,4207,4204,4206,108
1769052900,4207,4211,4206,4206,354
1769053200,4207,4209,4205,4205,78
1769053500,4205,4207,4201,4202,283
1769053800,4203,4208,4201,4208,223
1769054100,4208,4208,4205,4206,308
1769054400,4206,4207,4205,4206,210
1769054700,4206,4208,4204,4204,182
1769055000,4204,4205,4198,4202,288
1769055300,4202,4205,4199,4202,316
1769055600,4202,4204,4198,4199,138
1769055900,4198,4199,4188,4190,621
1769063400,4187,4189,4181,4181,968
1769063700,4181,4188,4181,4186,320
1769064000,4187,4197,4187,4195,439
1769064300,4195,4197,4192,4196,182
1769064600,4195,4200,4194,4200,594
1769064900,4200,4203,4198,4201,462
1769065200,4201,4202,4193,4195,343
1769065500,4195,4195,4193,4193,94
1769065800,4193,4195,4191,4191,187
1769066100,4191,4195,4191,4195,154
1769066400,4195,4197,4194,4195,193
1769066700,4194,4200,4194,4199,371
1769067000,4199,4205,4196,4196,708
1769067300,4196,4199,4195,4196,169
1769067600,4197,4204,4197,4204,179
1769067900,4203,4204,4197,4198,345
1769068200,4198,4199,4198,4198,68
1769068500,4198,4201,4198,4199,184
1769068800,4199,4200,4196,4198,205
1769069100,4197,4197,4193,4196,322
1769069400,4196,4196,4193,4194,124
1769069700,4194,4195,4191,4192,305
1769070000,4192,4200,4192,4199,299
1769070300,4199,4199,4196,4196,151
1769070600,4196,4199,4195,4199,233
1769070900,4198,4199,4194,4195,399
1769071200,4196,4199,4195,4197,166
1769071500,4197,4197,4194,4195,204
1769071800,4195,4196,4193,4195,201
1769072100,4195,4196,4194,4195,121
1769072400,4195,4198,4193,4195,317
1769072700,4196,4202,4196,4199,367
1769073000,4198,4202,4198,4202,156
1769073300,4202,4202,4201,4201,84
1769073600,4201,4202,4199,4200,182
1769073900,4199,4209,4198,4209,335
1769074200,4208,4209,4203,4205,271
1769074500,4204,4206,4203,4204,205
1769074800,4204,4207,4200,4201,395
1769075100,4202,4203,4197,4197,224
1769075400,4198,4200,4194,4197,257
1769075700,4196,4198,4195,4198,737
1769086800,4201,4202,4192,4195,359
1769087100,4194,4194,4188,4192,300
1769087400,4192,4194,4190,4192,141
1769087700,4192,4194,4190,4193,87
1769088000,4192,4195,4190,4193,75
1769088300,4194,4194,4192,4192,15
1769088600,4192,4194,4191,4194,91
1769088900,4193,4195,4190,4195,118
1769089200,4196,4197,4193,4193,95
1769089500,4194,4194,4187,4190,330
1769089800,4190,4192,4190,4190,32
1769090100,4191,4192,4190,4190,44
1769090400,4192,4192,4188,4189,76
1769090700,4190,4192,4186,4190,141
1769091000,4192,4194,4191,4194,75
1769091300,4194,4195,4193,4195,60
1769091600,4195,4196,4194,4194,136
1769091900,4194,4196,4194,4195,25
1769092200,4196,4196,4187,4188,157
1769092500,4189,4190,4186,4189,183
1769092800,4188,4189,4185,4187,149
1769093100,4188,4188,4184,4185,254
1769093400,4185,4185,4178,4179,275
1769093700,4178,4180,4176,4178,215
1769135400,4179,4179,4163,4165,1708
1769135700,4165,4171,4163,4168,472
1769136000,4168,4169,4163,4165,398
1769136300,4166,4172,4165,4169,344
1769136600,4169,4174,4168,4174,386
1769136900,4174,4175,4172,4173,327
1769137200,4173,4175,4171,4172,230
1769137500,4173,4173,4167,4169,292
1769137800,4170,4173,4168,4171,110
1769138100,4171,4173,4169,4170,149
1769138400,4170,4171,4168,4170,95
1769138700,4171,4172,4169,4171,84
1769139000,4170,4173,4170,4173,47
1769139300,4173,4173,4172,4172,24
1769139600,4172,4175,4172,4175,215
1769139900,4174,4174,4171,4171,101
1769140200,4172,4173,4166,4166,181
1769140500,4166,4168,4164,4166,206
1769140800,4166,4169,4165,4167,120
1769141100,4167,4169,4167,4168,56
1769141400,4168,4170,4168,4170,47
1769141700,4171,4173,4170,4172,84
1769142000,4172,4175,4171,4172,228
1769142300,4172,4172,4166,4167,184
1769149800,4164,4166,4158,4160,592
1769150100,4159,4159,4154,4157,518
1769150400,4158,4158,4153,4154,308
1769150700,4154,4159,4153,4158,299
1769151000,4158,4160,4157,4158,197
1769151300,4157,4160,4157,4157,280
1769151600,4157,4157,4150,4153,489
1769151900,4154,4157,4153,4157,214
1769152200,4157,4157,4155,4157,85
1769152500,4157,4157,4154,4154,289
1769152800,4153,4155,4151,4155,166
1769153100,4154,4155,4153,4155,68
1769153400,4155,4155,4151,4155,136
1769153700,4155,4156,4154,4156,75
1769154000,4156,4156,4154,4156,73
1769154300,4156,4156,4152,4153,187
1769154600,4153,4154,4151,4154,130
1769154900,4155,4156,4154,4156,91
1769155200,4155,4157,4154,4156,143
1769155500,4156,4157,4155,4156,32
1769155800,4157,4157,4153,4154,97
1769156100,4154,4154,4151,4151,240
1769156400,4151,4151,4150,4151,185
1769156700,4151,4152,4147,4149,334
1769157000,4149,4156,4148,4156,343
1769157300,4156,4160,4156,4160,297
1769157600,4160,4161,4159,4160,151
1769157900,4161,4165,4160,4165,326
1769158200,4165,4165,4162,4164,179
1769158500,4164,4166,4162,4166,112
1769158800,4166,4171,4164,4170,275
1769159100,4170,4171,4168,4168,143
1769159400,4168,4169,4168,4169,41
1769159700,4169,4176,4169,4175,468
1769160000,4175,4182,4175,4179,540
1769160300,4179,4180,4178,4178,193
1769160600,4178,4180,4175,4176,238
1769160900,4176,4177,4172,4173,211
1769161200,4173,4174,4172,4173,185
1769161500,4174,4176,4171,4172,223
1769161800,4172,4174,4169,4170,326
1769162100,4170,4176,4169,4174,594
1769394600,4190,4191,4173,4178,1766
1769394900,4178,4182,4173,4177,709
1769395200,4177,4178,4174,4176,603
1769395500,4177,4177,4165,4167,1128
1769395800,4168,4172,4167,4170,199
1769396100,4171,4172,4168,4168,125
1769396400,4169,4174,4164,4174,326
1769396700,4174,4183,4173,4182,474
1769397000,4182,4186,4181,4184,474
1769397300,4185,4189,4182,4189,319
1769397600,4189,4193,4185,4188,323
1769397900,4187,4187,4179,4182,315
1769398200,4184,4188,4184,4187,108
1769398500,4187,4192,4187,4191,352
1769398800,4192,4195,4189,4190,233
1769399100,4190,4190,4182,4185,232
1769399400,4186,4188,4185,4188,197
1769399700,4187,4191,4187,4190,193
1769400000,4190,4194,4190,4191,175
1769400300,4191,4192,4191,4192,34
1769400600,4192,4197,4191,4196,205
1769400900,4197,4198,4195,4196,166
1769401200,4195,4199,4195,4199,132
1769401500,4198,4200,4196,4197,384
1769409000,4214,4225,4212,4221,1484
1769409300,4220,4222,4215,4218,972
1769409600,4218,4226,4217,4225,425
1769409900,4226,4234,4222,4230,1099
1769410200,4230,4230,4225,4227,665
1769410500,4227,4234,4225,4234,393
1769410800,4233,4239,4232,4237,600
1769411100,4237,4237,4233,4234,171
1769411400,4235,4235,4227,4229,659
1769411700,4229,4229,4227,4229,216
1769412000,4228,4238,4228,4237,617
1769412300,4237,4239,4236,4237,144
1769412600,4237,4242,4236,4236,309
1769412900,4235,4238,4235,4237,93
1769413200,4237,4237,4231,4231,233
1769413500,4232,4236,4232,4234,171
1769413800,4234,4239,4234,4239,190
1769414100,4239,4240,4236,4237,203
1769414400,4237,4240,4237,4239,120
1769414700,4239,4239,4238,4239,37
1769415000,4239,4239,4236,4238,189
1769415300,4238,4243,4238,4243,396
1769415600,4241,4244,4236,4237,351
1769415900,4237,4240,4235,4237,134
1769416200,4236,4237,4230,4237,663
1769416500,4237,4239,4236,4237,146
1769416800,4238,4240,4237,4240,135
1769417100,4239,4240,4236,4240,71
1769417400,4240,4243,4231,4232,542
1769417700,4230,4234,4229,4232,323
1769418000,4232,4234,4231,4233,240
1769418300,4234,4236,4234,4235,219
1769418600,4235,4237,4235,4235,117
1769418900,4235,4237,4234,4236,158
1769419200,4236,4237,4234,4235,107
1769419500,4236,4237,4234,4237,122
1769419800,4237,4239,4230,4230,481
1769420100,4229,4230,4223,4225,768
1769420400,4225,4230,4224,4229,198
1769420700,4229,4230,4227,4230,364
1769421000,4230,4230,4221,4222,550
1769421300,4222,4226,4221,4224,526
1769432400,4224,4227,4213,4221,458
1769432700,4222,4223,4220,4221,103
1769433000,4220,4223,4219,4221,59
1769433300,4220,4222,4220,4221,53
1769433600,4220,4225,4218,4221,154
1769433900,4220,4221,4216,4218,235
1769434200,4219,4220,4216,4220,157
1769434500,4220,4220,4218,4219,56
1769434800,4219,4219,4215,4217,82
1769435100,4218,4220,4217,4218,65
1769435400,4219,4221,4218,4221,42
1769435700,4221,4221,4219,4220,46
1769436000,4221,4221,4219,4220,80
1769436300,4221,4224,4221,4223,87
1769436600,4223,4229,4220,4229,350
1769436900,4228,4246,4227,4244,1049
1769437200,4243,4256,4243,4254,707
1769437500,4253,4258,4253,4255,394
1769437800,4255,4267,4255,4264,626
1769438100,4265,4266,4258,4259,338
1769438400,4259,4261,4256,4257,217
1769438700,4256,4259,4254,4259,134
1769439000,4260,4261,4258,4260,222
1769439300,4260,4260,4247,4247,510
1769481000,4233,4238,4228,4237,1200
1769481300,4237,4238,4231,4237,697
1769481600,4236,4243,4236,4241,531
1769481900,4241,4242,4229,4229,627
1769482200,4229,4230,4223,4229,811
1769482500,4229,4230,4225,4226,303
1769482800,4226,4231,4225,4229,381
1769483100,4229,4232,4227,4230,180
1769483400,4231,4247,4229,4245,556
1769483700,4246,4247,4242,4244,245
1769484000,4246,4252,4244,4251,497
1769484300,4251,4254,4245,4249,505
1769484600,4249,4251,4247,4248,139
1769484900,4248,4249,4247,4249,56
1769485200,4249,4250,4249,4250,100
1769485500,4249,4249,4246,4249,136
1769485800,4249,4251,4248,4250,181
1769486100,4249,4250,4248,4248,103
1769486400,4248,4249,4247,4248,142
1769486700,4248,4250,4247,4249,172
1769487000,4250,4255,4250,4254,309
1769487300,4253,4253,4246,4248,204
1769487600,4248,4249,4243,4244,348
1769487900,4243,4244,4235,4235,688
1769495400,4250,4254,4246,4248,854
1769495700,4248,4248,4238,4240,588
1769496000,4240,4246,4238,4244,502
1769496300,4243,4252,4242,4249,547
1769496600,4250,4252,4245,4247,251
1769496900,4248,4249,4245,4246,267
1769497200,4247,4248,4240,4241,243
1769497500,4241,4242,4235,4239,338
1769497800,4239,4242,4236,4238,191
1769498100,4237,4239,4234,4237,279
1769498400,4235,4239,4235,4236,157
1769498700,4237,4239,4235,4238,114
1769499000,4239,4246,4239,4244,268
1769499300,4245,4245,4240,4242,155
1769499600,4243,4249,4242,4248,202
1769499900,4247,4250,4243,4244,177
1769500200,4244,4246,4242,4246,67
1769500500,4245,4252,4245,4252,298
1769500800,4252,4258,4251,4255,442
1769501100,4255,4256,4252,4255,111
1769501400,4255,4256,4250,4252,154
1769501700,4253,4258,4253,4256,262
1769502000,4257,4257,4252,4253,104
1769502300,4252,4253,4250,4251,271
1769502600,4252,4257,4251,4254,371
1769502900,4254,4255,4253,4255,96
1769503200,4256,4257,4254,4255,180
1769503500,4255,4255,4252,4253,122
1769503800,4253,4255,4251,4252,250
1769504100,4252,4257,4252,4254,119
1769504400,4255,4269,4254,4268,1016
1769504700,4269,4269,4263,4267,305
1769505000,4267,4267,4263,4266,568
1769505300,4266,4276,4266,4269,1056
1769505600,4270,4274,4269,4270,252
1769505900,4271,4275,4269,4274,239
1769506200,4274,4277,4274,4277,438
1769506500,4277,4279,4271,4272,383
1769506800,4272,4273,4255,4256,689
1769507100,4256,4258,4253,4256,519
1769507400,4256,4261,4255,4256,460
1769507700,4257,4262,4252,4258,898
1769518800,4259,4273,4256,4270,557
1769519100,4271,4280,4270,4279,735
1769519400,4277,4277,4267,4267,361
1769519700,4267,4276,4265,4275,332
1769520000,4274,4275,4266,4267,380
1769520300,4266,4271,4265,4270,311
1769520600,4270,4271,4267,4270,217
1769520900,4270,4274,4269,4274,141
1769521200,4273,4275,4269,4269,145
1769521500,4268,4269,4265,4269,119
1769521800,4268,4270,4266,4268,81
1769522100,4267,4269,4267,4268,18
1769522400,4267,4267,4261,4263,225
1769522700,4264,4266,4264,4266,41
1769523000,4264,4266,4262,4264,54
1769523300,4263,4263,4256,4257,331
1769523600,4256,4259,4256,4257,50
1769523900,4256,4260,4256,4256,129
1769524200,4257,4261,4255,4256,177
1769524500,4256,4256,4247,4248,381
1769524800,4247,4252,4246,4247,177
1769525100,4246,4246,4240,4244,192
1769525400,4243,4246,4242,4245,118
1769525700,4243,4247,4243,4247,209